state,year,week,total_demo,total_bio,total_enrol,backlog,tier,pct_0_5,pct_5_17,pct_18_plus,demo_lag_1,bio_lag_1,backlog_lag_1,high_backlog
100000,2025,37,0.0,0.0,6.0,0.0,3,0.0,0.0,100.0,0.0,0.0,0.0,0
100000,2025,38,0.0,0.0,2.0,0.0,3,0.0,0.0,100.0,0.0,0.0,0.0,0
100000,2025,43,0.0,0.0,1.0,0.0,3,0.0,100.0,0.0,0.0,0.0,0.0,0
100000,2025,46,0.0,0.0,5.0,0.0,3,0.0,0.0,100.0,0.0,0.0,0.0,0
100000,2025,47,0.0,0.0,6.0,0.0,3,0.0,0.0,100.0,0.0,0.0,0.0,0
100000,2025,51,1.0,0.0,161.0,1.0,3,0.0,0.0,100.0,0.0,0.0,0.0,1
100000,2025,52,1.0,0.0,17.0,1.0,3,0.0,0.0,100.0,1.0,0.0,1.0,1
Andaman & Nicobar Islands,2025,14,0.0,2744.0,0.0,0.0,3,0.0,0.0,0.0,931.0,2703.0,0.0,0
Andaman & Nicobar Islands,2025,18,0.0,1895.0,0.0,0.0,3,0.0,0.0,0.0,0.0,2744.0,0.0,0
Andaman & Nicobar Islands,2025,22,0.0,1944.0,0.0,0.0,3,0.0,0.0,0.0,0.0,1895.0,0.0,0
Andaman & Nicobar Islands,2025,27,219.0,2828.0,0.0,0.0,3,0.0,0.0,0.0,0.0,1944.0,0.0,0
Andaman & Nicobar Islands,2025,36,320.0,740.0,68.0,0.0,3,91.17647058823529,8.823529411764707,0.0,219.0,2828.0,0.0,0
Andaman & Nicobar Islands,2025,37,251.0,965.0,50.0,0.0,3,90.0,10.0,0.0,320.0,740.0,0.0,0
Andaman & Nicobar Islands,2025,38,208.0,937.0,31.0,0.0,3,90.32258064516128,9.67741935483871,0.0,251.0,965.0,0.0,0
Andaman & Nicobar Islands,2025,39,0.0,0.0,33.0,0.0,3,93.93939393939394,6.0606060606060606,0.0,208.0,937.0,0.0,0
Andaman & Nicobar Islands,2025,40,0.0,0.0,1.0,0.0,3,100.0,0.0,0.0,0.0,0.0,0.0,0
Andaman & Nicobar Islands,2025,42,227.0,503.0,41.0,0.0,3,90.2439024390244,9.75609756097561,0.0,0.0,0.0,0.0,0
Andaman & Nicobar Islands,2025,43,140.0,421.0,18.0,0.0,3,83.33333333333334,16.666666666666664,0.0,227.0,503.0,0.0,0
Andaman & Nicobar Islands,2025,44,243.0,536.0,23.0,0.0,3,95.65217391304348,4.3478260869565215,0.0,140.0,421.0,0.0,0
Andaman & Nicobar Islands,2025,45,370.0,525.0,25.0,0.0,3,100.0,0.0,0.0,243.0,536.0,0.0,0
Andaman & Nicobar Islands,2025,46,336.0,478.0,49.0,0.0,3,95.91836734693877,4.081632653061225,0.0,370.0,525.0,0.0,0
Andaman & Nicobar Islands,2025,47,144.0,269.0,26.0,0.0,3,96.15384615384616,3.8461538461538463,0.0,336.0,478.0,0.0,0
Andaman & Nicobar Islands,2025,48,235.0,203.0,3.0,32.0,3,100.0,0.0,0.0,144.0,269.0,0.0,1
Andaman & Nicobar Islands,2025,49,461.0,999.0,0.0,0.0,3,0.0,0.0,0.0,235.0,203.0,32.0,0
Andaman & Nicobar Islands,2025,50,401.0,651.0,0.0,0.0,3,0.0,0.0,0.0,461.0,999.0,0.0,0
Andaman & Nicobar Islands,2025,51,316.0,275.0,20.0,41.0,3,95.0,5.0,0.0,401.0,651.0,0.0,1
Andaman & Nicobar Islands,2025,52,316.0,277.0,83.0,39.0,3,96.3855421686747,3.614457831325301,0.0,316.0,275.0,41.0,1
Andhra Pradesh,2025,12,0.0,0.0,116.0,0.0,2,37.06896551724138,37.93103448275862,25.0,370695.0,403296.0,0.0,0
Andhra Pradesh,2025,14,29256.0,608589.0,0.0,0.0,2,0.0,0.0,0.0,0.0,0.0,0.0,0
Andhra Pradesh,2025,18,94278.0,500660.0,0.0,0.0,2,0.0,0.0,0.0,29256.0,608589.0,0.0,0
Andhra Pradesh,2025,22,81181.0,508472.0,1574.0,0.0,2,58.95806861499364,27.509529860228714,13.532401524777637,94278.0,500660.0,0.0,0
Andhra Pradesh,2025,27,57259.0,334226.0,956.0,0.0,2,49.47698744769875,38.912133891213394,11.610878661087867,81181.0,508472.0,0.0,0
Andhra Pradesh,2025,36,76470.0,65306.0,11493.0,11164.0,2,87.1138954146002,11.989906899852084,0.8961976855477246,57259.0,334226.0,0.0,1
Andhra Pradesh,2025,37,60689.0,71520.0,11868.0,0.0,2,86.41725648803505,12.723289518031683,0.8594539939332658,76470.0,65306.0,11164.0,0
Andhra Pradesh,2025,38,77306.0,76871.0,9767.0,435.0,2,86.97655370123887,11.999590457663562,1.0238558410975735,60689.0,71520.0,0.0,1
Andhra Pradesh,2025,39,0.0,0.0,7006.0,0.0,2,85.62660576648587,13.331430202683414,1.0419640308307165,77306.0,76871.0,435.0,0
Andhra Pradesh,2025,40,0.0,0.0,220.0,0.0,2,80.0,19.545454545454547,0.45454545454545453,0.0,0.0,0.0,0
Andhra Pradesh,2025,42,61942.0,70799.0,10812.0,0.0,2,89.39141694413615,10.275619681834998,0.3329633740288568,0.0,0.0,0.0,0
Andhra Pradesh,2025,43,61543.0,103705.0,5473.0,0.0,2,87.1185821304586,11.803398501735794,1.0780193678055912,61942.0,70799.0,0.0,0
Andhra Pradesh,2025,44,84172.0,196484.0,12031.0,0.0,2,86.81738841326573,12.95819133904081,0.22442024769345859,61543.0,103705.0,0.0,0
Andhra Pradesh,2025,45,89951.0,123174.0,8924.0,0.0,2,88.73823397579561,9.917077543702375,1.344688480502017,84172.0,196484.0,0.0,0
Andhra Pradesh,2025,46,80446.0,97192.0,12251.0,0.0,2,89.1927189617174,9.395151416210922,1.4121296220716677,89951.0,123174.0,0.0,0
Andhra Pradesh,2025,47,34089.0,59192.0,6413.0,0.0,2,88.66365195696243,10.010915328239514,1.3254327147980665,80446.0,97192.0,0.0,0
Andhra Pradesh,2025,48,59518.0,42725.0,2442.0,16793.0,2,92.7927927927928,7.125307125307126,0.08190008190008191,34089.0,59192.0,0.0,1
Andhra Pradesh,2025,49,101167.0,117442.0,0.0,0.0,2,0.0,0.0,0.0,59518.0,42725.0,16793.0,0
Andhra Pradesh,2025,50,89889.0,93711.0,0.0,0.0,2,0.0,0.0,0.0,101167.0,117442.0,0.0,0
Andhra Pradesh,2025,51,55668.0,64702.0,4604.0,0.0,2,90.59513466550825,7.124239791485665,2.2806255430060816,89889.0,93711.0,0.0,0
Andhra Pradesh,2025,52,67366.0,61509.0,12989.0,5857.0,2,94.79559627377012,4.388328585726383,0.8160751405035029,55668.0,64702.0,0.0,1
Arunachal Pradesh,2025,14,0.0,8375.0,0.0,0.0,3,0.0,0.0,0.0,6165.0,7400.0,0.0,0
Arunachal Pradesh,2025,18,0.0,8305.0,0.0,0.0,3,0.0,0.0,0.0,0.0,8375.0,0.0,0
Arunachal Pradesh,2025,22,0.0,7138.0,0.0,0.0,3,0.0,0.0,0.0,0.0,8305.0,0.0,0
Arunachal Pradesh,2025,27,0.0,8442.0,484.0,0.0,3,18.388429752066116,72.72727272727273,8.884297520661157,0.0,7138.0,0.0,0
Arunachal Pradesh,2025,36,3379.0,2315.0,628.0,1064.0,3,57.484076433121025,42.35668789808918,0.15923566878980894,0.0,8442.0,0.0,1
Arunachal Pradesh,2025,37,3066.0,2288.0,532.0,778.0,3,44.73684210526316,54.51127819548872,0.7518796992481203,3379.0,2315.0,1064.0,1
Arunachal Pradesh,2025,38,2512.0,2730.0,325.0,0.0,3,48.30769230769231,51.69230769230769,0.0,3066.0,2288.0,778.0,0
Arunachal Pradesh,2025,39,0.0,0.0,185.0,0.0,3,52.43243243243243,47.02702702702703,0.5405405405405406,2512.0,2730.0,0.0,0
Arunachal Pradesh,2025,40,0.0,0.0,104.0,0.0,3,31.73076923076923,68.26923076923077,0.0,0.0,0.0,0.0,0
Arunachal Pradesh,2025,42,1603.0,1899.0,358.0,0.0,3,41.62011173184357,58.10055865921788,0.27932960893854747,0.0,0.0,0.0,0
Arunachal Pradesh,2025,43,1281.0,1898.0,265.0,0.0,3,49.43396226415094,50.56603773584906,0.0,1603.0,1899.0,0.0,0
Arunachal Pradesh,2025,44,1304.0,2516.0,262.0,0.0,3,49.23664122137404,49.23664122137404,1.5267175572519083,1281.0,1898.0,0.0,0
Arunachal Pradesh,2025,45,1738.0,3450.0,286.0,0.0,3,39.16083916083916,59.44055944055944,1.3986013986013985,1304.0,2516.0,0.0,0
Arunachal Pradesh,2025,46,1390.0,3208.0,251.0,0.0,3,46.613545816733065,49.800796812749006,3.5856573705179287,1738.0,3450.0,0.0,0
Arunachal Pradesh,2025,47,678.0,1288.0,174.0,0.0,3,29.310344827586203,22.988505747126435,47.701149425287355,1390.0,3208.0,0.0,0
Arunachal Pradesh,2025,48,801.0,1102.0,18.0,0.0,3,55.55555555555556,44.44444444444444,0.0,678.0,1288.0,0.0,0
Arunachal Pradesh,2025,49,1186.0,3365.0,0.0,0.0,3,0.0,0.0,0.0,801.0,1102.0,0.0,0
Arunachal Pradesh,2025,50,1462.0,2280.0,0.0,0.0,3,0.0,0.0,0.0,1186.0,3365.0,0.0,0
Arunachal Pradesh,2025,51,520.0,661.0,36.0,0.0,3,69.44444444444444,30.555555555555557,0.0,1462.0,2280.0,0.0,0
Arunachal Pradesh,2025,52,1073.0,996.0,236.0,77.0,3,67.37288135593221,32.6271186440678,0.0,520.0,661.0,0.0,1
Assam,2025,11,0.0,0.0,455.0,0.0,3,22.41758241758242,21.318681318681318,56.26373626373626,149683.0,92931.0,56752.0,0
Assam,2025,12,0.0,0.0,2037.0,0.0,3,23.809523809523807,49.48453608247423,26.705940108001965,0.0,0.0,0.0,0
Assam,2025,14,3020.0,139659.0,25654.0,0.0,3,46.50736727216029,35.873547984719735,17.61908474311998,0.0,0.0,0.0,0
Assam,2025,18,714.0,83841.0,13197.0,0.0,3,39.1755702053497,42.50208380692582,18.322345987724482,3020.0,139659.0,0.0,0
Assam,2025,22,1346.0,71576.0,9734.0,0.0,3,50.11300595849599,34.93938771317033,14.947606328333677,714.0,83841.0,0.0,0
Assam,2025,27,27798.0,95172.0,47873.0,0.0,3,64.27213669500553,24.809391515050237,10.918471789944228,1346.0,71576.0,0.0,0
Assam,2025,36,55390.0,29974.0,18510.0,25416.0,3,71.9773095623987,26.293895191788224,1.728795245813074,27798.0,95172.0,0.0,1
Assam,2025,37,47029.0,35410.0,15912.0,11619.0,3,69.53242835595776,28.74560080442433,1.7219708396178985,55390.0,29974.0,25416.0,1
Assam,2025,38,59366.0,28761.0,9438.0,30605.0,3,69.46386946386947,29.34943844034753,1.186692095783005,47029.0,35410.0,11619.0,1
Assam,2025,39,0.0,0.0,6466.0,0.0,3,71.34240643365295,28.1163006495515,0.5412929167955459,59366.0,28761.0,30605.0,0
Assam,2025,40,0.0,0.0,313.0,0.0,3,45.68690095846645,53.03514376996805,1.2779552715654952,0.0,0.0,0.0,0
Assam,2025,42,47387.0,50221.0,11505.0,0.0,3,64.35462842242504,25.658409387222946,9.98696219035202,0.0,0.0,0.0,0
Assam,2025,43,32757.0,43493.0,5757.0,0.0,3,58.554802848705926,27.0800764286955,14.365120722598576,47387.0,50221.0,0.0,0
Assam,2025,44,32940.0,38452.0,11249.0,0.0,3,65.50804515956973,26.50013334518624,7.991821495244021,32757.0,43493.0,0.0,0
Assam,2025,45,43373.0,42268.0,8286.0,1105.0,3,64.20468259715182,26.092203717113204,9.703113685734975,32940.0,38452.0,0.0,1
Assam,2025,46,29537.0,27951.0,11288.0,1586.0,3,58.743798724309,29.464918497519488,11.79128277817151,43373.0,42268.0,1105.0,1
Assam,2025,47,12154.0,7196.0,6193.0,4958.0,3,64.52446310350396,23.720329404165994,11.75520749233005,29537.0,27951.0,1586.0,1
Assam,2025,48,28705.0,14217.0,1333.0,14488.0,3,63.540885221305324,25.28132033008252,11.177794448612154,12154.0,7196.0,4958.0,1
Assam,2025,49,45495.0,43186.0,0.0,2309.0,3,0.0,0.0,0.0,28705.0,14217.0,14488.0,1
Assam,2025,50,56021.0,41655.0,0.0,14366.0,3,0.0,0.0,0.0,45495.0,43186.0,2309.0,1
Assam,2025,51,32026.0,24352.0,4188.0,7674.0,3,68.79178605539637,19.531996179560647,11.67621776504298,56021.0,41655.0,14366.0,1
Assam,2025,52,41876.0,28358.0,10522.0,13518.0,3,73.75023759741494,22.039536209846037,4.2102261927390225,32026.0,24352.0,7674.0,1
Bihar,2025,10,0.0,0.0,1005.0,0.0,2,20.497512437810943,62.98507462686567,16.517412935323385,807133.0,763509.0,43624.0,0
Bihar,2025,11,0.0,0.0,448.0,0.0,2,15.401785714285715,65.17857142857143,19.419642857142858,0.0,0.0,0.0,0
Bihar,2025,12,0.0,0.0,332.0,0.0,2,29.21686746987952,48.19277108433735,22.590361445783135,0.0,0.0,0.0,0
Bihar,2025,13,0.0,0.0,567.0,0.0,2,25.396825396825395,54.14462081128748,20.458553791887123,0.0,0.0,0.0,0
Bihar,2025,14,7650.0,795719.0,29442.0,0.0,2,42.62957679505469,52.17376536920047,5.196657835744854,0.0,0.0,0.0,0
Bihar,2025,18,5096.0,552199.0,31651.0,0.0,2,41.86597579855297,54.2131370256864,3.9208871757606394,7650.0,795719.0,0.0,0
Bihar,2025,22,0.0,494457.0,46386.0,0.0,2,34.83809770189281,60.84378907428965,4.318113223817531,5096.0,552199.0,0.0,0
Bihar,2025,27,8517.0,604061.0,59274.0,0.0,2,32.068023079259035,64.14110739953436,3.7908695212065995,0.0,494457.0,0.0,0
Bihar,2025,36,331297.0,103186.0,40966.0,228111.0,2,40.86559585998145,58.35570961284968,0.7786945271688718,8517.0,604061.0,0.0,1
Bihar,2025,37,387427.0,131815.0,43462.0,255612.0,2,45.08536192536008,54.28420229165708,0.6304357829828356,331297.0,103186.0,228111.0,1
Bihar,2025,38,261357.0,120612.0,29121.0,140745.0,2,43.3673294186326,55.85316438309123,0.7795061982761581,387427.0,131815.0,255612.0,1
Bihar,2025,39,0.0,0.0,29095.0,0.0,2,47.4205189895171,51.91269977659392,0.6667812338889844,261357.0,120612.0,140745.0,0
Bihar,2025,40,0.0,0.0,921.0,0.0,2,19.32681867535288,77.63300760043431,3.040173724212812,0.0,0.0,0.0,0
Bihar,2025,42,234244.0,110264.0,55635.0,123980.0,2,48.17291273478925,50.0350498786735,1.7920373865372516,0.0,0.0,0.0,1
Bihar,2025,43,126323.0,75591.0,20179.0,50732.0,2,40.04162743446157,58.06531542692899,1.8930571386094455,234244.0,110264.0,123980.0,1
Bihar,2025,44,136576.0,88068.0,28433.0,48508.0,2,43.84693841662857,55.02409172440474,1.1289698589666937,126323.0,75591.0,50732.0,1
Bihar,2025,45,246847.0,141496.0,31030.0,105351.0,2,42.35256203673864,56.51305188527231,1.134386077989043,136576.0,88068.0,48508.0,1
Bihar,2025,46,133021.0,118174.0,34301.0,14847.0,2,44.31940759744614,54.62522958514329,1.0553628174105711,246847.0,141496.0,105351.0,1
Bihar,2025,47,85300.0,49228.0,19617.0,36072.0,2,53.15797522556965,45.99072233267064,0.8513024417596983,133021.0,118174.0,14847.0,1
Bihar,2025,48,143324.0,28059.0,5005.0,115265.0,2,42.7972027972028,56.003996003996,1.1988011988011988,85300.0,49228.0,36072.0,1
Bihar,2025,49,188491.0,183231.0,0.0,5260.0,2,0.0,0.0,0.0,143324.0,28059.0,115265.0,1
Bihar,2025,50,216006.0,177034.0,0.0,38972.0,2,0.0,0.0,0.0,188491.0,183231.0,5260.0,1
Bihar,2025,51,123506.0,93633.0,21904.0,29873.0,2,54.054054054054056,45.74963476990504,0.19631117604090578,216006.0,177034.0,38972.0,1
Bihar,2025,52,175410.0,122701.0,43549.0,52709.0,2,54.458196514271286,44.802406484649474,0.739397001079244,123506.0,93633.0,29873.0,1
Chandigarh,2025,14,10504.0,7921.0,117.0,2583.0,3,73.50427350427351,17.94871794871795,8.547008547008547,7573.0,6430.0,1143.0,1
Chandigarh,2025,18,6862.0,6566.0,0.0,296.0,3,0.0,0.0,0.0,10504.0,7921.0,2583.0,1
Chandigarh,2025,22,5054.0,5230.0,0.0,0.0,3,0.0,0.0,0.0,6862.0,6566.0,296.0,0
Chandigarh,2025,27,7496.0,32547.0,0.0,0.0,3,0.0,0.0,0.0,5054.0,5230.0,0.0,0
Chandigarh,2025,36,1509.0,1274.0,178.0,235.0,3,89.8876404494382,9.550561797752808,0.5617977528089888,7496.0,32547.0,0.0,1
Chandigarh,2025,37,1904.0,1463.0,272.0,441.0,3,90.07352941176471,9.926470588235293,0.0,1509.0,1274.0,235.0,1
Chandigarh,2025,38,1322.0,1500.0,228.0,0.0,3,91.22807017543859,8.771929824561402,0.0,1904.0,1463.0,441.0,0
Chandigarh,2025,39,0.0,0.0,172.0,0.0,3,91.86046511627907,8.13953488372093,0.0,1322.0,1500.0,0.0,0
Chandigarh,2025,40,0.0,0.0,6.0,0.0,3,83.33333333333334,16.666666666666664,0.0,0.0,0.0,0.0,0
Chandigarh,2025,42,1107.0,741.0,185.0,366.0,3,87.56756756756758,12.432432432432433,0.0,0.0,0.0,0.0,1
Chandigarh,2025,43,752.0,568.0,54.0,184.0,3,96.29629629629629,3.7037037037037033,0.0,1107.0,741.0,366.0,1
Chandigarh,2025,44,1238.0,1544.0,302.0,0.0,3,93.04635761589404,6.95364238410596,0.0,752.0,568.0,184.0,0
Chandigarh,2025,45,2015.0,1309.0,157.0,706.0,3,94.90445859872611,4.45859872611465,0.6369426751592357,1238.0,1544.0,0.0,1
Chandigarh,2025,46,1303.0,1114.0,241.0,189.0,3,87.55186721991701,6.639004149377594,5.809128630705394,2015.0,1309.0,706.0,1
Chandigarh,2025,47,961.0,565.0,128.0,396.0,3,92.96875,7.03125,0.0,1303.0,1114.0,189.0,1
Chandigarh,2025,48,1086.0,393.0,57.0,693.0,3,96.49122807017544,3.508771929824561,0.0,961.0,565.0,396.0,1
Chandigarh,2025,49,1365.0,1466.0,0.0,0.0,3,0.0,0.0,0.0,1086.0,393.0,693.0,0
Chandigarh,2025,50,1947.0,1206.0,0.0,741.0,3,0.0,0.0,0.0,1365.0,1466.0,0.0,1
Chandigarh,2025,51,1316.0,781.0,145.0,535.0,3,93.79310344827586,2.7586206896551726,3.4482758620689653,1947.0,1206.0,741.0,1
Chandigarh,2025,52,1988.0,744.0,306.0,1244.0,3,92.81045751633987,6.862745098039216,0.32679738562091504,1316.0,781.0,535.0,1
Chhatisgarh,2025,46,0.0,1.0,0.0,0.0,3,0.0,0.0,0.0,1.0,0.0,1.0,0
Chhatisgarh,2025,48,0.0,1.0,0.0,0.0,3,0.0,0.0,0.0,0.0,1.0,0.0,0
Chhatisgarh,2025,49,1.0,0.0,0.0,1.0,3,0.0,0.0,0.0,0.0,1.0,0.0,1
Chhatisgarh,2025,50,0.0,2.0,0.0,0.0,3,0.0,0.0,0.0,1.0,0.0,1.0,0
Chhattisgarh,2025,13,0.0,0.0,260.0,0.0,2,44.230769230769226,17.692307692307693,38.07692307692307,212323.0,171392.0,40931.0,0
Chhattisgarh,2025,14,37987.0,287729.0,1745.0,0.0,2,74.44126074498567,14.555873925501434,11.002865329512893,0.0,0.0,0.0,0
Chhattisgarh,2025,18,42204.0,266716.0,1406.0,0.0,2,67.21194879089616,19.203413940256045,13.584637268847796,37987.0,287729.0,0.0,0
Chhattisgarh,2025,22,235622.0,359914.0,1263.0,0.0,2,48.13935075217736,34.75851148060174,17.102137767220903,42204.0,266716.0,0.0,0
Chhattisgarh,2025,27,110422.0,346567.0,7587.0,0.0,2,70.8580466587584,23.6193488862528,5.522604454988796,235622.0,359914.0,0.0,0
Chhattisgarh,2025,36,49174.0,49654.0,6849.0,0.0,2,82.65440210249672,16.557161629434955,0.7884362680683311,110422.0,346567.0,0.0,0
Chhattisgarh,2025,37,68604.0,77687.0,9806.0,0.0,2,83.2041607179278,15.7964511523557,0.9993881297165,49174.0,49654.0,0.0,0
Chhattisgarh,2025,38,56773.0,70517.0,6976.0,0.0,2,81.57970183486239,17.31651376146789,1.1037844036697249,68604.0,77687.0,0.0,0
Chhattisgarh,2025,39,0.0,0.0,5051.0,0.0,2,81.84517917244109,17.48168679469412,0.6731340328647792,56773.0,70517.0,0.0,0
Chhattisgarh,2025,40,0.0,0.0,123.0,0.0,2,75.60975609756098,24.390243902439025,0.0,0.0,0.0,0.0,0
Chhattisgarh,2025,42,41950.0,50661.0,7485.0,0.0,2,82.33800935203742,17.221108884435537,0.4408817635270541,0.0,0.0,0.0,0
Chhattisgarh,2025,43,26790.0,32153.0,2077.0,0.0,2,79.826673086182,15.984593163216177,4.18873375060183,41950.0,50661.0,0.0,0
Chhattisgarh,2025,44,55309.0,108942.0,9222.0,0.0,2,79.79830839297333,20.114942528735632,0.08674907829104316,26790.0,32153.0,0.0,0
Chhattisgarh,2025,45,48863.0,105676.0,6612.0,0.0,2,78.76588021778585,19.58560193587417,1.648517846339988,55309.0,108942.0,0.0,0
Chhattisgarh,2025,46,45851.0,92399.0,8383.0,0.0,2,78.57568889419062,20.601216748180843,0.823094357628534,48863.0,105676.0,0.0,0
Chhattisgarh,2025,47,34457.0,30183.0,4945.0,4274.0,2,79.63599595551062,18.48331648129424,1.8806875631951467,45851.0,92399.0,0.0,1
Chhattisgarh,2025,48,67834.0,23533.0,1767.0,44301.0,2,83.92756083757781,14.827391058290889,1.245048104131296,34457.0,30183.0,4274.0,1
Chhattisgarh,2025,49,70143.0,121365.0,0.0,0.0,2,0.0,0.0,0.0,67834.0,23533.0,44301.0,0
Chhattisgarh,2025,50,97192.0,156208.0,0.0,0.0,2,0.0,0.0,0.0,70143.0,121365.0,0.0,0
Chhattisgarh,2025,51,57481.0,87279.0,3754.0,0.0,2,78.7693127330847,20.538092701118806,0.6925945657964837,97192.0,156208.0,0.0,0
Chhattisgarh,2025,52,56560.0,102682.0,10024.0,0.0,2,89.02633679169992,9.846368715083798,1.127294493216281,57481.0,87279.0,0.0,0
Dadra & Nagar Haveli And Daman & Diu,2025,14,561.0,4873.0,0.0,0.0,3,0.0,0.0,0.0,1275.0,5087.0,0.0,0
Dadra & Nagar Haveli And Daman & Diu,2025,18,0.0,5248.0,0.0,0.0,3,0.0,0.0,0.0,561.0,4873.0,0.0,0
Dadra & Nagar Haveli And Daman & Diu,2025,22,0.0,4118.0,249.0,0.0,3,75.50200803212851,19.67871485943775,4.819277108433735,0.0,5248.0,0.0,0
Dadra & Nagar Haveli And Daman & Diu,2025,27,0.0,4825.0,467.0,0.0,3,77.08779443254818,19.700214132762312,3.2119914346895073,0.0,4118.0,0.0,0
Dadra & Nagar Haveli And Daman & Diu,2025,36,603.0,1177.0,86.0,0.0,3,84.88372093023256,12.790697674418606,2.3255813953488373,0.0,4825.0,0.0,0
Dadra & Nagar Haveli And Daman & Diu,2025,37,796.0,2441.0,168.0,0.0,3,85.11904761904762,12.5,2.380952380952381,603.0,1177.0,0.0,0
Dadra & Nagar Haveli And Daman & Diu,2025,38,728.0,2806.0,116.0,0.0,3,88.79310344827587,10.344827586206897,0.8620689655172413,796.0,2441.0,0.0,0
Dadra & Nagar Haveli And Daman & Diu,2025,39,0.0,0.0,102.0,0.0,3,91.17647058823529,7.8431372549019605,0.9803921568627451,728.0,2806.0,0.0,0
Dadra & Nagar Haveli And Daman & Diu,2025,40,0.0,0.0,3.0,0.0,3,66.66666666666666,33.33333333333333,0.0,0.0,0.0,0.0,0
Dadra & Nagar Haveli And Daman & Diu,2025,42,495.0,564.0,80.0,0.0,3,91.25,8.75,0.0,0.0,0.0,0.0,0
Dadra & Nagar Haveli And Daman & Diu,2025,43,303.0,322.0,24.0,0.0,3,87.5,12.5,0.0,495.0,564.0,0.0,0
Dadra & Nagar Haveli And Daman & Diu,2025,44,304.0,1167.0,82.0,0.0,3,91.46341463414635,8.536585365853659,0.0,303.0,322.0,0.0,0
Dadra & Nagar Haveli And Daman & Diu,2025,45,780.0,940.0,44.0,0.0,3,77.27272727272727,22.727272727272727,0.0,304.0,1167.0,0.0,0
Dadra & Nagar Haveli And Daman & Diu,2025,46,422.0,956.0,103.0,0.0,3,90.29126213592234,8.737864077669903,0.9708737864077669,780.0,940.0,0.0,0
Dadra & Nagar Haveli And Daman & Diu,2025,47,225.0,424.0,56.0,0.0,3,89.28571428571429,10.714285714285714,0.0,422.0,956.0,0.0,0
Dadra & Nagar Haveli And Daman & Diu,2025,48,328.0,165.0,14.0,163.0,3,85.71428571428571,14.285714285714285,0.0,225.0,424.0,0.0,1
Dadra & Nagar Haveli And Daman & Diu,2025,49,498.0,1157.0,0.0,0.0,3,0.0,0.0,0.0,328.0,165.0,163.0,0
Dadra & Nagar Haveli And Daman & Diu,2025,50,600.0,923.0,0.0,0.0,3,0.0,0.0,0.0,498.0,1157.0,0.0,0
Dadra & Nagar Haveli And Daman & Diu,2025,51,463.0,780.0,37.0,0.0,3,72.97297297297297,8.108108108108109,18.91891891891892,600.0,923.0,0.0,0
Dadra & Nagar Haveli And Daman & Diu,2025,52,642.0,766.0,106.0,0.0,3,92.45283018867924,2.8301886792452833,4.716981132075472,463.0,780.0,0.0,0
Delhi,2025,10,0.0,0.0,232.0,0.0,1,52.58620689655172,22.844827586206897,24.568965517241377,187125.0,164368.0,22757.0,0
Delhi,2025,11,0.0,0.0,136.0,0.0,1,43.38235294117647,36.029411764705884,20.588235294117645,0.0,0.0,0.0,0
Delhi,2025,14,180318.0,273966.0,5930.0,0.0,1,68.7689713322091,25.21079258010118,6.020236087689714,0.0,0.0,0.0,0
Delhi,2025,18,74161.0,187658.0,5581.0,0.0,1,66.06342949292242,27.12775488263752,6.808815624440065,180318.0,273966.0,0.0,0
Delhi,2025,22,85145.0,136102.0,8161.0,0.0,1,65.27386349712046,29.052812155373115,5.673324347506433,74161.0,187658.0,0.0,0
Delhi,2025,27,133773.0,172708.0,18784.0,0.0,1,66.90800681431006,29.152470187393526,3.9395229982964226,85145.0,136102.0,0.0,0
Delhi,2025,36,22012.0,27574.0,5006.0,0.0,1,73.5517379145026,24.670395525369557,1.7778665601278467,133773.0,172708.0,0.0,0
Delhi,2025,37,25260.0,38115.0,5679.0,0.0,1,75.4005986969537,23.10265891882374,1.4967423842225744,22012.0,27574.0,0.0,0
Delhi,2025,38,21639.0,36300.0,4785.0,0.0,1,74.27377220480669,23.92894461859979,1.7972831765935213,25260.0,38115.0,0.0,0
Delhi,2025,39,0.0,0.0,3223.0,0.0,1,74.7750542972386,22.92894818492088,2.295997517840521,21639.0,36300.0,0.0,0
Delhi,2025,40,0.0,0.0,113.0,0.0,1,49.557522123893804,38.93805309734513,11.504424778761061,0.0,0.0,0.0,0
Delhi,2025,42,15449.0,15854.0,4391.0,0.0,1,77.97768162149852,20.610339330448646,1.4119790480528354,0.0,0.0,0.0,0
Delhi,2025,43,11763.0,11803.0,1605.0,0.0,1,74.70404984423676,22.49221183800623,2.803738317757009,15449.0,15854.0,0.0,0
Delhi,2025,44,18943.0,26296.0,5888.0,0.0,1,78.58355978260869,20.00679347826087,1.4096467391304348,11763.0,11803.0,0.0,0
Delhi,2025,45,27733.0,27195.0,3756.0,538.0,1,76.54419595314164,21.08626198083067,2.369542066027689,18943.0,26296.0,0.0,1
Delhi,2025,46,20475.0,28342.0,5285.0,0.0,1,77.23746452223274,20.30274361400189,2.459791863765374,27733.0,27195.0,538.0,0
Delhi,2025,47,12331.0,11138.0,3185.0,1193.0,1,78.77551020408163,17.959183673469386,3.2653061224489797,20475.0,28342.0,0.0,1
Delhi,2025,48,17226.0,6432.0,692.0,10794.0,1,81.35838150289018,17.77456647398844,0.8670520231213872,12331.0,11138.0,1193.0,1
Delhi,2025,49,27904.0,34001.0,0.0,0.0,1,0.0,0.0,0.0,17226.0,6432.0,10794.0,0
Delhi,2025,50,34291.0,33100.0,0.0,1191.0,1,0.0,0.0,0.0,27904.0,34001.0,0.0,1
Delhi,2025,51,19349.0,20249.0,2519.0,0.0,1,88.44779674473997,10.837633981738785,0.7145692735212386,34291.0,33100.0,1191.0,0
Delhi,2025,52,31393.0,25821.0,5884.0,5572.0,1,86.52277362338545,12.457511896668933,1.0197144799456153,19349.0,20249.0,0.0,1
Goa,2025,14,0.0,9312.0,0.0,0.0,3,0.0,0.0,0.0,6170.0,8983.0,0.0,0
Goa,2025,18,0.0,8728.0,0.0,0.0,3,0.0,0.0,0.0,0.0,9312.0,0.0,0
Goa,2025,22,0.0,7353.0,0.0,0.0,3,0.0,0.0,0.0,0.0,8728.0,0.0,0
Goa,2025,27,0.0,7400.0,42.0,0.0,3,50.0,23.809523809523807,26.190476190476193,0.0,7353.0,0.0,0
Goa,2025,36,1603.0,1539.0,185.0,64.0,3,69.72972972972973,16.216216216216218,14.054054054054054,0.0,7400.0,0.0,1
Goa,2025,37,2011.0,1563.0,236.0,448.0,3,78.8135593220339,13.983050847457626,7.203389830508475,1603.0,1539.0,64.0,1
Goa,2025,38,1629.0,1590.0,234.0,39.0,3,83.33333333333334,9.82905982905983,6.837606837606838,2011.0,1563.0,448.0,1
Goa,2025,39,0.0,0.0,162.0,0.0,3,82.09876543209876,8.641975308641975,9.25925925925926,1629.0,1590.0,39.0,0
Goa,2025,40,0.0,0.0,55.0,0.0,3,90.9090909090909,9.090909090909092,0.0,0.0,0.0,0.0,0
Goa,2025,42,1181.0,1516.0,184.0,0.0,3,87.5,11.41304347826087,1.0869565217391304,0.0,0.0,0.0,0
Goa,2025,43,958.0,1441.0,100.0,0.0,3,85.0,12.0,3.0,1181.0,1516.0,0.0,0
Goa,2025,44,1453.0,2623.0,184.0,0.0,3,84.78260869565217,12.5,2.717391304347826,958.0,1441.0,0.0,0
Goa,2025,45,2136.0,2618.0,191.0,0.0,3,85.86387434554975,13.612565445026178,0.5235602094240838,1453.0,2623.0,0.0,0
Goa,2025,46,1569.0,2821.0,250.0,0.0,3,84.8,9.6,5.6000000000000005,2136.0,2618.0,0.0,0
Goa,2025,47,865.0,1138.0,113.0,0.0,3,73.45132743362832,6.1946902654867255,20.353982300884958,1569.0,2821.0,0.0,0
Goa,2025,48,1601.0,733.0,45.0,868.0,3,95.55555555555556,2.2222222222222223,2.2222222222222223,865.0,1138.0,0.0,1
Goa,2025,49,1681.0,2393.0,0.0,0.0,3,0.0,0.0,0.0,1601.0,733.0,868.0,0
Goa,2025,50,2209.0,2121.0,0.0,88.0,3,0.0,0.0,0.0,1681.0,2393.0,0.0,1
Goa,2025,51,917.0,1042.0,54.0,0.0,3,79.62962962962963,5.555555555555555,14.814814814814813,2209.0,2121.0,88.0,0
Goa,2025,52,1494.0,1249.0,184.0,245.0,3,85.86956521739131,8.152173913043478,5.978260869565218,917.0,1042.0,0.0,1
Gujarat,2025,12,0.0,0.0,612.0,0.0,1,65.68627450980392,20.588235294117645,13.725490196078432,344948.0,396391.0,0.0,0
Gujarat,2025,13,0.0,0.0,710.0,0.0,1,40.0,32.11267605633803,27.887323943661972,0.0,0.0,0.0,0
Gujarat,2025,14,42980.0,374310.0,27846.0,0.0,1,63.21554262730733,21.633268692092223,15.151188680600445,0.0,0.0,0.0,0
Gujarat,2025,18,75468.0,452907.0,14294.0,0.0,1,62.99846089268224,25.290331607667554,11.711207499650204,42980.0,374310.0,0.0,0
Gujarat,2025,22,42807.0,437361.0,12224.0,0.0,1,51.33344240837696,42.90739528795812,5.7591623036649215,75468.0,452907.0,0.0,0
Gujarat,2025,27,63044.0,541874.0,60833.0,0.0,1,54.730162905002224,39.36185951703845,5.907977577959332,42807.0,437361.0,0.0,0
Gujarat,2025,36,60515.0,68133.0,14839.0,0.0,1,71.93880989284992,25.19037671002089,2.8708133971291865,63044.0,541874.0,0.0,0
Gujarat,2025,37,78956.0,97089.0,19015.0,0.0,1,73.76281882724165,24.18090980804628,2.056271364712069,60515.0,68133.0,0.0,0
Gujarat,2025,38,66099.0,105474.0,15337.0,0.0,1,71.85890330573123,26.321966486275024,1.8191302079937406,78956.0,97089.0,0.0,0
Gujarat,2025,39,0.0,0.0,11091.0,0.0,1,74.54692994319718,24.49734018573618,0.9557298710666305,66099.0,105474.0,0.0,0
Gujarat,2025,40,0.0,0.0,282.0,0.0,1,68.08510638297872,31.560283687943265,0.3546099290780142,0.0,0.0,0.0,0
Gujarat,2025,42,45165.0,36036.0,12884.0,9129.0,1,75.34927041291525,18.643278484942563,6.007451102142191,0.0,0.0,0.0,1
Gujarat,2025,43,15383.0,16205.0,2620.0,0.0,1,79.04580152671755,20.190839694656486,0.7633587786259541,45165.0,36036.0,9129.0,0
Gujarat,2025,44,41024.0,59587.0,8538.0,0.0,1,75.08784258608573,17.100023424689624,7.812133989224643,15383.0,16205.0,0.0,0
Gujarat,2025,45,70789.0,76983.0,9736.0,0.0,1,74.6405094494659,17.21446179129006,8.145028759244042,41024.0,59587.0,0.0,0
Gujarat,2025,46,49604.0,71583.0,19829.0,0.0,1,78.20364113167582,18.054364819204196,3.741994049119976,70789.0,76983.0,0.0,0
Gujarat,2025,47,28946.0,44929.0,11101.0,0.0,1,80.60535086929106,16.917394829294658,2.4772543014142867,49604.0,71583.0,0.0,0
Gujarat,2025,48,46435.0,13783.0,2863.0,32652.0,1,80.82431016416346,14.91442542787286,4.261264407963675,28946.0,44929.0,0.0,1
Gujarat,2025,49,68101.0,115436.0,0.0,0.0,1,0.0,0.0,0.0,46435.0,13783.0,32652.0,0
Gujarat,2025,50,80978.0,94252.0,0.0,0.0,1,0.0,0.0,0.0,68101.0,115436.0,0.0,0
Gujarat,2025,51,56394.0,75904.0,6566.0,0.0,1,86.33871459031374,12.09259823332318,1.5686871763630827,80978.0,94252.0,0.0,0
Gujarat,2025,52,72321.0,60532.0,18124.0,11789.0,1,86.32200397263297,9.710880600308982,3.9671154270580447,56394.0,75904.0,0.0,1
Haryana,2025,10,0.0,0.0,200.0,0.0,2,49.0,39.5,11.5,135663.0,191374.0,0.0,0
Haryana,2025,14,79446.0,216642.0,2328.0,0.0,2,76.67525773195877,20.70446735395189,2.620274914089347,0.0,0.0,0.0,0
Haryana,2025,18,66242.0,170812.0,3696.0,0.0,2,82.22402597402598,16.26082251082251,1.5151515151515151,79446.0,216642.0,0.0,0
Haryana,2025,22,65313.0,165272.0,7641.0,0.0,2,79.98953016620861,15.573877764690486,4.436592069100903,66242.0,170812.0,0.0,0
Haryana,2025,27,105049.0,267325.0,6752.0,0.0,2,78.11018957345972,19.268364928909953,2.6214454976303316,65313.0,165272.0,0.0,0
Haryana,2025,36,23660.0,43037.0,5839.0,0.0,2,90.3921904435691,8.991265627675972,0.6165439287549238,105049.0,267325.0,0.0,0
Haryana,2025,37,29182.0,49933.0,7455.0,0.0,2,91.67002012072435,7.712944332662643,0.6170355466130114,23660.0,43037.0,0.0,0
Haryana,2025,38,24340.0,50699.0,5743.0,0.0,2,91.29374891171861,8.270938533867318,0.4353125544140693,29182.0,49933.0,0.0,0
Haryana,2025,39,0.0,0.0,3505.0,0.0,2,90.55634807417974,9.072753209700428,0.37089871611982883,24340.0,50699.0,0.0,0
Haryana,2025,40,0.0,0.0,159.0,0.0,2,81.13207547169812,16.9811320754717,1.8867924528301887,0.0,0.0,0.0,0
Haryana,2025,42,22656.0,35847.0,6604.0,0.0,2,93.4282253179891,6.344639612356148,0.22713506965475466,0.0,0.0,0.0,0
Haryana,2025,43,15004.0,23055.0,2494.0,0.0,2,92.98315958299919,6.776263031275061,0.24057738572574178,22656.0,35847.0,0.0,0
Haryana,2025,44,30943.0,56271.0,8918.0,0.0,2,93.00291545189503,6.649472976003588,0.347611572101368,15004.0,23055.0,0.0,0
Haryana,2025,45,33793.0,49453.0,5713.0,0.0,2,92.21074741816909,7.456677752494311,0.3325748293366007,30943.0,56271.0,0.0,0
Haryana,2025,46,25550.0,49966.0,8354.0,0.0,2,91.18984917404836,7.397653818530045,1.4124970074215946,33793.0,49453.0,0.0,0
Haryana,2025,47,13904.0,21822.0,4525.0,0.0,2,93.37016574585635,5.988950276243094,0.6408839779005524,25550.0,49966.0,0.0,0
Haryana,2025,48,21068.0,14775.0,847.0,6293.0,2,91.26328217237308,7.55608028335301,1.1806375442739079,13904.0,21822.0,0.0,1
Haryana,2025,49,35762.0,57108.0,0.0,0.0,2,0.0,0.0,0.0,21068.0,14775.0,6293.0,0
Haryana,2025,50,36872.0,59329.0,0.0,0.0,2,0.0,0.0,0.0,35762.0,57108.0,0.0,0
Haryana,2025,51,24025.0,36653.0,3363.0,0.0,2,94.79631281593815,4.490038655961938,0.7136485280999109,36872.0,59329.0,0.0,0
Haryana,2025,52,34912.0,33264.0,8610.0,1648.0,2,95.70267131242741,4.006968641114982,0.29036004645760743,24025.0,36653.0,0.0,1
Himachal Pradesh,2025,14,1387.0,52041.0,0.0,0.0,3,0.0,0.0,0.0,24019.0,55452.0,0.0,0
Himachal Pradesh,2025,18,689.0,32054.0,0.0,0.0,3,0.0,0.0,0.0,1387.0,52041.0,0.0,0
Himachal Pradesh,2025,22,2354.0,38939.0,0.0,0.0,3,0.0,0.0,0.0,689.0,32054.0,0.0,0
Himachal Pradesh,2025,27,827.0,48414.0,114.0,0.0,3,50.0,21.052631578947366,28.947368421052634,2354.0,38939.0,0.0,0
Himachal Pradesh,2025,36,7565.0,7129.0,907.0,436.0,3,95.81036383682469,4.0793825799338475,0.11025358324145534,827.0,48414.0,0.0,1
Himachal Pradesh,2025,37,11445.0,9544.0,1610.0,1901.0,3,96.2111801242236,3.4161490683229814,0.37267080745341613,7565.0,7129.0,436.0,1
Himachal Pradesh,2025,38,9689.0,13080.0,1168.0,0.0,3,93.40753424657534,5.907534246575342,0.684931506849315,11445.0,9544.0,1901.0,0
Himachal Pradesh,2025,39,0.0,0.0,1043.0,0.0,3,90.69990412272291,8.437200383509108,0.862895493767977,9689.0,13080.0,0.0,0
Himachal Pradesh,2025,40,0.0,0.0,25.0,0.0,3,84.0,16.0,0.0,0.0,0.0,0.0,0
Himachal Pradesh,2025,42,4750.0,13405.0,1581.0,0.0,3,94.93991144845035,4.111321948134092,0.9487666034155597,0.0,0.0,0.0,0
Himachal Pradesh,2025,43,3373.0,7350.0,817.0,0.0,3,95.593635250918,2.570379436964504,1.8359853121175032,4750.0,13405.0,0.0,0
Himachal Pradesh,2025,44,5475.0,18470.0,2110.0,0.0,3,96.30331753554502,2.938388625592417,0.7582938388625593,3373.0,7350.0,0.0,0
Himachal Pradesh,2025,45,5054.0,16958.0,1329.0,0.0,3,95.48532731376976,3.3860045146726865,1.1286681715575622,5475.0,18470.0,0.0,0
Himachal Pradesh,2025,46,4938.0,14519.0,1945.0,0.0,3,95.73264781491002,2.982005141388175,1.2853470437017995,5054.0,16958.0,0.0,0
Himachal Pradesh,2025,47,2909.0,6337.0,991.0,0.0,3,95.96367305751767,2.6236125126135215,1.4127144298688195,4938.0,14519.0,0.0,0
Himachal Pradesh,2025,48,5208.0,5352.0,340.0,0.0,3,96.47058823529412,2.941176470588235,0.5882352941176471,2909.0,6337.0,0.0,0
Himachal Pradesh,2025,49,6520.0,17184.0,0.0,0.0,3,0.0,0.0,0.0,5208.0,5352.0,0.0,0
Himachal Pradesh,2025,50,7128.0,12957.0,0.0,0.0,3,0.0,0.0,0.0,6520.0,17184.0,0.0,0
Himachal Pradesh,2025,51,5123.0,7025.0,556.0,0.0,3,96.0431654676259,3.237410071942446,0.7194244604316548,7128.0,12957.0,0.0,0
Himachal Pradesh,2025,52,6756.0,7368.0,1806.0,0.0,3,97.2314507198228,1.9933554817275747,0.7751937984496124,5123.0,7025.0,0.0,0
Jammu & Kashmir,2025,14,28073.0,89932.0,211.0,0.0,3,67.29857819905213,27.96208530805687,4.739336492890995,67286.0,98299.0,0.0,0
Jammu & Kashmir,2025,18,11791.0,77298.0,268.0,0.0,3,71.26865671641791,20.522388059701495,8.208955223880597,28073.0,89932.0,0.0,0
Jammu & Kashmir,2025,22,7852.0,79215.0,0.0,0.0,3,0.0,0.0,0.0,11791.0,77298.0,0.0,0
Jammu & Kashmir,2025,27,18978.0,102251.0,950.0,0.0,3,59.89473684210527,36.21052631578948,3.8947368421052633,7852.0,79215.0,0.0,0
Jammu & Kashmir,2025,36,9343.0,13872.0,2951.0,0.0,3,81.12504235852253,18.67163673331074,0.20332090816672313,18978.0,102251.0,0.0,0
Jammu & Kashmir,2025,37,12166.0,15826.0,3462.0,0.0,3,83.1311380704795,16.63778162911612,0.2310803004043905,9343.0,13872.0,0.0,0
Jammu & Kashmir,2025,38,10947.0,19614.0,3131.0,0.0,3,81.02842542318747,18.81188118811881,0.15969338869370808,12166.0,15826.0,0.0,0
Jammu & Kashmir,2025,39,0.0,0.0,2255.0,0.0,3,79.64523281596453,20.133037694013304,0.22172949002217296,10947.0,19614.0,0.0,0
Jammu & Kashmir,2025,40,0.0,0.0,66.0,0.0,3,83.33333333333334,16.666666666666664,0.0,0.0,0.0,0.0,0
Jammu & Kashmir,2025,42,9806.0,22645.0,4501.0,0.0,3,82.82603865807599,16.662963785825372,0.5109975560986447,0.0,0.0,0.0,0
Jammu & Kashmir,2025,43,7400.0,17076.0,2056.0,0.0,3,80.54474708171206,18.67704280155642,0.7782101167315175,9806.0,22645.0,0.0,0
Jammu & Kashmir,2025,44,11107.0,30494.0,5022.0,0.0,3,80.0278773397053,18.817204301075268,1.1549183592194345,7400.0,17076.0,0.0,0
Jammu & Kashmir,2025,45,11419.0,26636.0,3419.0,0.0,3,76.01637905820415,17.841474115238373,6.142146826557473,11107.0,30494.0,0.0,0
Jammu & Kashmir,2025,46,10455.0,31388.0,4670.0,0.0,3,82.5695931477516,17.044967880085654,0.3854389721627409,11419.0,26636.0,0.0,0
Jammu & Kashmir,2025,47,5513.0,12173.0,2369.0,0.0,3,78.26086956521739,19.33305192064162,2.406078514140988,10455.0,31388.0,0.0,0
Jammu & Kashmir,2025,48,9614.0,16003.0,854.0,0.0,3,83.2552693208431,15.92505854800937,0.819672131147541,5513.0,12173.0,0.0,0
Jammu & Kashmir,2025,49,15784.0,36115.0,0.0,0.0,3,0.0,0.0,0.0,9614.0,16003.0,0.0,0
Jammu & Kashmir,2025,50,16301.0,33333.0,0.0,0.0,3,0.0,0.0,0.0,15784.0,36115.0,0.0,0
Jammu & Kashmir,2025,51,12169.0,20556.0,2338.0,0.0,3,90.29084687767323,9.49529512403764,0.21385799828913601,16301.0,33333.0,0.0,0
Jammu & Kashmir,2025,52,17605.0,23646.0,6279.0,0.0,3,93.02436693741042,6.4819238732282205,0.4937091893613633,12169.0,20556.0,0.0,0
Jharkhand,2025,13,0.0,0.0,55.0,0.0,2,21.818181818181817,45.45454545454545,32.72727272727273,405756.0,330286.0,75470.0,0
Jharkhand,2025,14,3063.0,378962.0,3706.0,0.0,2,54.668105774419864,40.36697247706422,4.96492174851592,0.0,0.0,0.0,0
Jharkhand,2025,18,1773.0,232396.0,0.0,0.0,2,0.0,0.0,0.0,3063.0,378962.0,0.0,0
Jharkhand,2025,22,0.0,198929.0,3324.0,0.0,2,47.0517448856799,49.458483754512635,3.489771359807461,1773.0,232396.0,0.0,0
Jharkhand,2025,27,0.0,256798.0,11233.0,0.0,2,50.80566188907682,46.23876079408885,2.9555773168343276,0.0,198929.0,0.0,0
Jharkhand,2025,36,44752.0,38643.0,11243.0,6109.0,2,59.87725695988615,39.60686649470782,0.5158765454060305,0.0,256798.0,0.0,1
Jharkhand,2025,37,79557.0,64580.0,15622.0,14977.0,2,60.07553450262451,39.57239790039688,0.3520675969786199,44752.0,38643.0,6109.0,1
Jharkhand,2025,38,58972.0,58122.0,10545.0,850.0,2,62.30440967283073,37.5343764817449,0.16121384542437175,79557.0,64580.0,14977.0,1
Jharkhand,2025,39,0.0,0.0,7858.0,0.0,2,61.54237719521507,38.22855688470349,0.22906592008144566,58972.0,58122.0,850.0,0
Jharkhand,2025,40,0.0,0.0,91.0,0.0,2,49.45054945054945,50.54945054945055,0.0,0.0,0.0,0.0,0
Jharkhand,2025,42,46127.0,41729.0,14395.0,4398.0,2,64.09169850642584,34.82459187217784,1.0837096213963182,0.0,0.0,0.0,1
Jharkhand,2025,43,24321.0,21723.0,4667.0,2598.0,2,61.9670023569745,37.39018641525605,0.6428112277694451,46127.0,41729.0,4398.0,1
Jharkhand,2025,44,33239.0,33595.0,10211.0,0.0,2,61.70796200176281,37.743609832533544,0.5484281657036529,24321.0,21723.0,2598.0,0
Jharkhand,2025,45,53973.0,55755.0,12437.0,0.0,2,66.1091903192088,33.37621612929163,0.5145935514995578,33239.0,33595.0,0.0,0
Jharkhand,2025,46,46373.0,51385.0,15607.0,0.0,2,64.06099827000705,35.573780995707054,0.36522073428589735,53973.0,55755.0,0.0,0
Jharkhand,2025,47,28507.0,22562.0,7251.0,5945.0,2,66.34946903875327,32.271410839884155,1.3791201213625708,46373.0,51385.0,0.0,1
Jharkhand,2025,48,45018.0,15050.0,1856.0,29968.0,2,70.36637931034483,29.310344827586203,0.3232758620689655,28507.0,22562.0,5945.0,1
Jharkhand,2025,49,52157.0,61572.0,0.0,0.0,2,0.0,0.0,0.0,45018.0,15050.0,29968.0,0
Jharkhand,2025,50,55273.0,57279.0,0.0,0.0,2,0.0,0.0,0.0,52157.0,61572.0,0.0,0
Jharkhand,2025,51,37269.0,34448.0,4717.0,2821.0,2,67.71252914988341,31.94827220691117,0.3391986432054272,55273.0,57279.0,0.0,1
Jharkhand,2025,52,45833.0,34716.0,13244.0,11117.0,2,77.72576260948354,21.49652672908487,0.7777106614315916,37269.0,34448.0,2821.0,1
Karnataka,2025,10,0.0,0.0,248.0,0.0,1,25.403225806451612,32.25806451612903,42.33870967741936,296805.0,312129.0,0.0,0
Karnataka,2025,12,0.0,0.0,484.0,0.0,1,50.82644628099173,23.140495867768596,26.033057851239672,0.0,0.0,0.0,0
Karnataka,2025,14,41119.0,300403.0,9586.0,0.0,1,76.42395159607761,12.15313999582725,11.42290840809514,0.0,0.0,0.0,0
Karnataka,2025,18,66094.0,354026.0,5491.0,0.0,1,51.62993990165726,32.016026224731384,16.354033873611364,41119.0,300403.0,0.0,0
Karnataka,2025,22,52759.0,337504.0,11685.0,0.0,1,50.175438596491226,31.339323919554985,18.48523748395379,66094.0,354026.0,0.0,0
Karnataka,2025,27,51296.0,374362.0,15263.0,0.0,1,56.69920723317827,29.220991941295942,14.079800825525782,52759.0,337504.0,0.0,0
Karnataka,2025,36,48718.0,61868.0,17172.0,0.0,1,82.1337060330771,15.804798509201026,2.0614954577218727,51296.0,374362.0,0.0,0
Karnataka,2025,37,69150.0,70571.0,19263.0,0.0,1,84.60260603228988,13.76732596168821,1.6300680060219075,48718.0,61868.0,0.0,0
Karnataka,2025,38,58464.0,80283.0,12428.0,0.0,1,85.9188928226585,12.262632764724815,1.8184744126166719,69150.0,70571.0,0.0,0
Karnataka,2025,39,0.0,0.0,9171.0,0.0,1,86.54454257987133,12.157888997928252,1.2975684222004145,58464.0,80283.0,0.0,0
Karnataka,2025,40,0.0,0.0,319.0,0.0,1,77.11598746081505,19.122257053291534,3.761755485893417,0.0,0.0,0.0,0
Karnataka,2025,42,50280.0,55241.0,15375.0,0.0,1,85.46991869918699,12.273170731707317,2.256910569105691,0.0,0.0,0.0,0
Karnataka,2025,43,36008.0,44122.0,4560.0,0.0,1,81.62280701754386,15.416666666666668,2.9605263157894735,50280.0,55241.0,0.0,0
Karnataka,2025,44,51737.0,90156.0,19151.0,0.0,1,84.22014516213252,13.858284162706907,1.921570675160566,36008.0,44122.0,0.0,0
Karnataka,2025,45,66628.0,77613.0,9367.0,0.0,1,81.05049642361482,14.177431408134941,4.77207216825024,51737.0,90156.0,0.0,0
Karnataka,2025,46,53214.0,79861.0,16121.0,0.0,1,83.93399913156752,13.03889336889771,3.0271074995347687,66628.0,77613.0,0.0,0
Karnataka,2025,47,19944.0,35578.0,11484.0,0.0,1,86.86868686868688,10.745384883315918,2.3859282479972133,53214.0,79861.0,0.0,0
Karnataka,2025,48,39882.0,7651.0,3822.0,32231.0,1,88.1737310308739,10.465724751439037,1.3605442176870748,19944.0,35578.0,0.0,1
Karnataka,2025,49,71952.0,98803.0,0.0,0.0,1,0.0,0.0,0.0,39882.0,7651.0,32231.0,0
Karnataka,2025,50,72896.0,88276.0,0.0,0.0,1,0.0,0.0,0.0,71952.0,98803.0,0.0,0
Karnataka,2025,51,42149.0,55387.0,9347.0,0.0,1,90.30705039049963,8.740772440355196,0.9521771691451802,72896.0,88276.0,0.0,0
Karnataka,2025,52,61917.0,64119.0,20954.0,0.0,1,91.8965352677293,7.397155674334257,0.7063090579364322,42149.0,55387.0,0.0,0
Kerala,2025,14,0.0,180318.0,0.0,0.0,2,0.0,0.0,0.0,76688.0,172725.0,0.0,0
Kerala,2025,18,0.0,247491.0,380.0,0.0,2,52.89473684210526,38.94736842105263,8.157894736842106,0.0,180318.0,0.0,0
Kerala,2025,22,0.0,223183.0,186.0,0.0,2,45.69892473118279,43.01075268817204,11.29032258064516,0.0,247491.0,0.0,0
Kerala,2025,27,0.0,231320.0,474.0,0.0,2,33.33333333333333,45.56962025316456,21.09704641350211,0.0,223183.0,0.0,0
Kerala,2025,36,19157.0,27386.0,3734.0,0.0,2,63.12265666845206,35.19014461703267,1.6871987145152652,0.0,231320.0,0.0,0
Kerala,2025,37,42710.0,49650.0,7239.0,0.0,2,70.7832573559884,28.36027075562923,0.8564718883823732,19157.0,27386.0,0.0,0
Kerala,2025,38,35185.0,49372.0,4717.0,0.0,2,71.42251430994277,27.771888912444346,0.8055967776128896,42710.0,49650.0,0.0,0
Kerala,2025,39,0.0,0.0,3639.0,0.0,2,74.08628744160484,25.474031327287715,0.43968123110744706,35185.0,49372.0,0.0,0
Kerala,2025,40,0.0,0.0,170.0,0.0,2,66.47058823529412,33.52941176470588,0.0,0.0,0.0,0.0,0
Kerala,2025,42,30513.0,30552.0,5857.0,0.0,2,70.08707529451938,25.71282226395766,4.200102441522964,0.0,0.0,0.0,0
Kerala,2025,43,30336.0,32162.0,4019.0,0.0,2,72.63000746454343,24.25976611097288,3.1102264244837023,30513.0,30552.0,0.0,0
Kerala,2025,44,33462.0,43858.0,9170.0,0.0,2,70.65430752453653,27.25190839694657,2.093784078516903,30336.0,32162.0,0.0,0
Kerala,2025,45,46228.0,49180.0,5667.0,0.0,2,73.35450855832009,23.080995235574377,3.5644962061055234,33462.0,43858.0,0.0,0
Kerala,2025,46,40560.0,47464.0,7798.0,0.0,2,75.7117209540908,20.761733777891767,3.5265452680174407,46228.0,49180.0,0.0,0
Kerala,2025,47,17699.0,18900.0,5433.0,0.0,2,62.93024111908706,21.185348794404565,15.884410086508375,40560.0,47464.0,0.0,0
Kerala,2025,48,31105.0,11889.0,1344.0,19216.0,2,75.59523809523809,21.651785714285715,2.7529761904761902,17699.0,18900.0,0.0,1
Kerala,2025,49,55696.0,56824.0,0.0,0.0,2,0.0,0.0,0.0,31105.0,11889.0,19216.0,0
Kerala,2025,50,45195.0,40323.0,0.0,4872.0,2,0.0,0.0,0.0,55696.0,56824.0,0.0,1
Kerala,2025,51,24610.0,26175.0,3188.0,0.0,2,83.37515683814304,14.774153074027604,1.8506900878293602,45195.0,40323.0,4872.0,0
Kerala,2025,52,41247.0,38360.0,7876.0,2887.0,2,83.15134586084307,14.436262061960386,2.4123920771965466,24610.0,26175.0,0.0,1
Ladakh,2025,14,0.0,1003.0,0.0,0.0,3,0.0,0.0,0.0,1935.0,956.0,979.0,0
Ladakh,2025,18,0.0,552.0,0.0,0.0,3,0.0,0.0,0.0,0.0,1003.0,0.0,0
Ladakh,2025,22,0.0,339.0,0.0,0.0,3,0.0,0.0,0.0,0.0,552.0,0.0,0
Ladakh,2025,27,0.0,652.0,0.0,0.0,3,0.0,0.0,0.0,0.0,339.0,0.0,0
Ladakh,2025,36,117.0,56.0,46.0,61.0,3,67.3913043478261,21.73913043478261,10.869565217391305,0.0,652.0,0.0,1
Ladakh,2025,37,185.0,161.0,64.0,24.0,3,82.8125,17.1875,0.0,117.0,56.0,61.0,1
Ladakh,2025,38,93.0,480.0,41.0,0.0,3,70.73170731707317,29.268292682926827,0.0,185.0,161.0,24.0,0
Ladakh,2025,39,0.0,0.0,24.0,0.0,3,45.83333333333333,54.166666666666664,0.0,93.0,480.0,0.0,0
Ladakh,2025,42,86.0,157.0,50.0,0.0,3,57.99999999999999,38.0,4.0,0.0,0.0,0.0,0
Ladakh,2025,43,59.0,141.0,26.0,0.0,3,57.692307692307686,34.61538461538461,7.6923076923076925,86.0,157.0,0.0,0
Ladakh,2025,44,122.0,161.0,49.0,0.0,3,73.46938775510205,24.489795918367346,2.0408163265306123,59.0,141.0,0.0,0
Ladakh,2025,45,176.0,134.0,49.0,42.0,3,77.55102040816327,22.448979591836736,0.0,122.0,161.0,0.0,1
Ladakh,2025,46,142.0,127.0,68.0,15.0,3,67.64705882352942,26.47058823529412,5.88235294117647,176.0,134.0,42.0,1
Ladakh,2025,47,170.0,77.0,28.0,93.0,3,85.71428571428571,10.714285714285714,3.571428571428571,142.0,127.0,15.0,1
Ladakh,2025,48,123.0,28.0,14.0,95.0,3,92.85714285714286,0.0,7.142857142857142,170.0,77.0,93.0,1
Ladakh,2025,49,349.0,162.0,0.0,187.0,3,0.0,0.0,0.0,123.0,28.0,95.0,1
Ladakh,2025,50,380.0,206.0,0.0,174.0,3,0.0,0.0,0.0,349.0,162.0,187.0,1
Ladakh,2025,51,186.0,102.0,40.0,84.0,3,90.0,7.5,2.5,380.0,206.0,174.0,1
Ladakh,2025,52,318.0,141.0,87.0,177.0,3,87.35632183908046,12.643678160919542,0.0,186.0,102.0,84.0,1
Lakshadweep,2025,14,0.0,706.0,0.0,0.0,3,0.0,0.0,0.0,0.0,425.0,0.0,0
Lakshadweep,2025,18,0.0,701.0,0.0,0.0,3,0.0,0.0,0.0,0.0,706.0,0.0,0
Lakshadweep,2025,22,0.0,574.0,0.0,0.0,3,0.0,0.0,0.0,0.0,701.0,0.0,0
Lakshadweep,2025,27,0.0,608.0,0.0,0.0,3,0.0,0.0,0.0,0.0,574.0,0.0,0
Lakshadweep,2025,36,43.0,66.0,9.0,0.0,3,88.88888888888889,11.11111111111111,0.0,0.0,608.0,0.0,0
Lakshadweep,2025,37,82.0,130.0,23.0,0.0,3,95.65217391304348,4.3478260869565215,0.0,43.0,66.0,0.0,0
Lakshadweep,2025,38,74.0,132.0,21.0,0.0,3,90.47619047619048,9.523809523809524,0.0,82.0,130.0,0.0,0
Lakshadweep,2025,39,0.0,0.0,11.0,0.0,3,100.0,0.0,0.0,74.0,132.0,0.0,0
Lakshadweep,2025,42,78.0,173.0,18.0,0.0,3,94.44444444444444,5.555555555555555,0.0,0.0,0.0,0.0,0
Lakshadweep,2025,43,55.0,158.0,11.0,0.0,3,90.9090909090909,9.090909090909092,0.0,78.0,173.0,0.0,0
Lakshadweep,2025,44,59.0,145.0,25.0,0.0,3,92.0,8.0,0.0,55.0,158.0,0.0,0
Lakshadweep,2025,45,78.0,120.0,16.0,0.0,3,93.75,6.25,0.0,59.0,145.0,0.0,0
Lakshadweep,2025,46,65.0,175.0,19.0,0.0,3,100.0,0.0,0.0,78.0,120.0,0.0,0
Lakshadweep,2025,47,44.0,41.0,9.0,3.0,3,77.77777777777779,11.11111111111111,11.11111111111111,65.0,175.0,0.0,1
Lakshadweep,2025,48,45.0,64.0,6.0,0.0,3,100.0,0.0,0.0,44.0,41.0,3.0,0
Lakshadweep,2025,49,78.0,192.0,0.0,0.0,3,0.0,0.0,0.0,45.0,64.0,0.0,0
Lakshadweep,2025,50,102.0,165.0,0.0,0.0,3,0.0,0.0,0.0,78.0,192.0,0.0,0
Lakshadweep,2025,51,41.0,63.0,11.0,0.0,3,100.0,0.0,0.0,102.0,165.0,0.0,0
Lakshadweep,2025,52,66.0,83.0,11.0,0.0,3,100.0,0.0,0.0,41.0,63.0,0.0,0
Madhya Pradesh,2025,10,0.0,0.0,242.0,0.0,2,54.54545454545454,30.57851239669421,14.87603305785124,491517.0,663358.0,0.0,0
Madhya Pradesh,2025,12,0.0,0.0,163.0,0.0,2,50.920245398773,28.22085889570552,20.858895705521473,0.0,0.0,0.0,0
Madhya Pradesh,2025,13,0.0,0.0,137.0,0.0,2,51.82481751824818,29.927007299270077,18.248175182481752,0.0,0.0,0.0,0
Madhya Pradesh,2025,14,106817.0,834670.0,17351.0,0.0,2,69.60405740303153,23.894876376001385,6.5010662209670915,0.0,0.0,0.0,0
Madhya Pradesh,2025,18,161519.0,779064.0,10603.0,0.0,2,68.1033669716118,28.46364236536829,3.4329906630198996,106817.0,834670.0,0.0,0
Madhya Pradesh,2025,22,129631.0,891131.0,18154.0,0.0,2,53.475818001542365,42.82251845323345,3.701663545224193,161519.0,779064.0,0.0,0
Madhya Pradesh,2025,27,211892.0,1004035.0,63188.0,0.0,2,55.357029815787804,41.2103563967842,3.4326137874279925,129631.0,891131.0,0.0,0
Madhya Pradesh,2025,36,72865.0,120282.0,29661.0,0.0,2,73.11958463976265,25.993729139273793,0.8866862209635549,211892.0,1004035.0,0.0,0
Madhya Pradesh,2025,37,115621.0,173102.0,46086.0,0.0,2,74.70815432018401,24.56277394436488,0.7290717354511131,72865.0,120282.0,0.0,0
Madhya Pradesh,2025,38,91769.0,163121.0,34183.0,0.0,2,74.26498551911769,25.029985665389226,0.7050288154930814,115621.0,173102.0,0.0,0
Madhya Pradesh,2025,39,0.0,0.0,22078.0,0.0,2,73.18597699066945,26.38825980614186,0.4257632031886946,91769.0,163121.0,0.0,0
Madhya Pradesh,2025,40,0.0,0.0,509.0,0.0,2,69.54813359528488,29.469548133595286,0.9823182711198428,0.0,0.0,0.0,0
Madhya Pradesh,2025,42,56237.0,87028.0,26217.0,0.0,2,79.41030628981196,18.198115726437045,2.3915779837510014,0.0,0.0,0.0,0
Madhya Pradesh,2025,43,33958.0,38205.0,7909.0,0.0,2,80.18712858768492,18.346187887217095,1.4666835250979897,56237.0,87028.0,0.0,0
Madhya Pradesh,2025,44,62428.0,139278.0,38361.0,0.0,2,78.85091629519565,19.767472172258284,1.3816115325460754,33958.0,38205.0,0.0,0
Madhya Pradesh,2025,45,93434.0,134244.0,28729.0,0.0,2,82.90577465278986,15.966445055518813,1.1277802916913224,62428.0,139278.0,0.0,0
Madhya Pradesh,2025,46,68360.0,118810.0,38315.0,0.0,2,81.9835573535169,16.168602375048938,1.8478402714341642,93434.0,134244.0,0.0,0
Madhya Pradesh,2025,47,38124.0,49664.0,19476.0,0.0,2,81.2230437461491,15.270075990963235,3.5068802628876563,68360.0,118810.0,0.0,0
Madhya Pradesh,2025,48,45489.0,24890.0,4943.0,20599.0,2,83.30973093263201,14.768359295974104,1.9219097713938902,38124.0,49664.0,0.0,1
Madhya Pradesh,2025,49,79669.0,193470.0,0.0,0.0,2,0.0,0.0,0.0,45489.0,24890.0,20599.0,0
Madhya Pradesh,2025,50,101510.0,163881.0,0.0,0.0,2,0.0,0.0,0.0,79669.0,193470.0,0.0,0
Madhya Pradesh,2025,51,53324.0,105374.0,16864.0,0.0,2,84.0370018975332,15.079459203036052,0.88353889943074,101510.0,163881.0,0.0,0
Madhya Pradesh,2025,52,81715.0,116868.0,45447.0,0.0,2,89.29302264175854,9.27894030409048,1.428037054150989,53324.0,105374.0,0.0,0
Maharashtra,2025,10,0.0,0.0,100.0,0.0,1,42.0,46.0,12.0,514723.0,959149.0,0.0,0
Maharashtra,2025,11,0.0,0.0,68.0,0.0,1,25.0,20.588235294117645,54.41176470588235,0.0,0.0,0.0,0
Maharashtra,2025,12,0.0,0.0,237.0,0.0,1,64.55696202531645,21.518987341772153,13.924050632911392,0.0,0.0,0.0,0
Maharashtra,2025,13,0.0,0.0,55.0,0.0,1,36.36363636363637,34.54545454545455,29.09090909090909,0.0,0.0,0.0,0
Maharashtra,2025,14,35814.0,846049.0,10591.0,0.0,1,75.40364460390899,17.94920215277122,6.6471532433198,0.0,0.0,0.0,0
Maharashtra,2025,18,54523.0,947776.0,9849.0,0.0,1,68.08813077469794,23.88059701492537,8.031272210376688,35814.0,846049.0,0.0,0
Maharashtra,2025,22,66481.0,1017490.0,10649.0,0.0,1,61.23579678843084,33.0359658183867,5.728237393182459,54523.0,947776.0,0.0,0
Maharashtra,2025,27,95235.0,1230369.0,54767.0,0.0,1,62.935709460076325,33.84519875107272,3.21909178885095,66481.0,1017490.0,0.0,0
Maharashtra,2025,36,75854.0,172475.0,21035.0,0.0,1,73.38245780841454,25.54314238174471,1.0743998098407417,95235.0,1230369.0,0.0,0
Maharashtra,2025,37,124021.0,378995.0,33740.0,0.0,1,72.5696502667457,26.62418494368702,0.8061647895672793,75854.0,172475.0,0.0,0
Maharashtra,2025,38,112741.0,549403.0,26545.0,0.0,1,70.82689772085139,28.521378790732715,0.6517234884158976,124021.0,378995.0,0.0,0
Maharashtra,2025,39,0.0,0.0,20341.0,0.0,1,72.38582173934418,27.240548645592643,0.3736296150631729,112741.0,549403.0,0.0,0
Maharashtra,2025,40,0.0,0.0,680.0,0.0,1,57.49999999999999,41.61764705882353,0.8823529411764706,0.0,0.0,0.0,0
Maharashtra,2025,42,165387.0,240265.0,25310.0,0.0,1,80.9166337416041,17.23824575266693,1.8451205057289608,0.0,0.0,0.0,0
Maharashtra,2025,43,98014.0,139912.0,6879.0,0.0,1,78.45617095508068,20.119203372583225,1.4246256723360953,165387.0,240265.0,0.0,0
Maharashtra,2025,44,331418.0,428332.0,26166.0,0.0,1,80.80333256898264,17.641213788886343,1.5554536421310097,98014.0,139912.0,0.0,0
Maharashtra,2025,45,498366.0,427934.0,18091.0,70432.0,1,80.17798905533138,17.848654026864185,1.9733569178044332,331418.0,428332.0,0.0,1
Maharashtra,2025,46,543805.0,377393.0,25519.0,166412.0,1,81.3746620165367,16.83843410791959,1.7869038755437125,498366.0,427934.0,70432.0,1
Maharashtra,2025,47,254666.0,149991.0,13524.0,104675.0,1,79.11860396332446,15.113871635610765,5.767524401064774,543805.0,377393.0,166412.0,1
Maharashtra,2025,48,169340.0,73234.0,5084.0,96106.0,1,83.79228953579857,14.240755310778914,1.9669551534225018,254666.0,149991.0,104675.0,1
Maharashtra,2025,49,175212.0,367812.0,0.0,0.0,1,0.0,0.0,0.0,169340.0,73234.0,96106.0,0
Maharashtra,2025,50,212762.0,307615.0,0.0,0.0,1,0.0,0.0,0.0,175212.0,367812.0,0.0,0
Maharashtra,2025,51,106586.0,177818.0,13679.0,0.0,1,87.99619855252577,11.141165289860371,0.8626361576138606,212762.0,307615.0,0.0,0
Maharashtra,2025,52,165670.0,193058.0,30326.0,0.0,1,91.54850623227594,7.228121084218163,1.2233726835059027,106586.0,177818.0,0.0,0
Manipur,2025,14,0.0,16868.0,632.0,0.0,3,20.569620253164558,75.31645569620254,4.113924050632911,23842.0,15666.0,8176.0,0
Manipur,2025,18,0.0,15802.0,291.0,0.0,3,41.23711340206185,39.86254295532646,18.900343642611684,0.0,16868.0,0.0,0
Manipur,2025,22,0.0,11300.0,603.0,0.0,3,15.091210613598674,82.75290215588723,2.155887230514096,0.0,15802.0,0.0,0
Manipur,2025,27,0.0,86754.0,1626.0,0.0,3,21.40221402214022,77.79827798277982,0.7995079950799507,0.0,11300.0,0.0,0
Manipur,2025,36,7965.0,7056.0,1046.0,909.0,3,38.04971319311664,60.80305927342257,1.147227533460803,0.0,86754.0,0.0,1
Manipur,2025,37,7813.0,8155.0,758.0,0.0,3,41.952506596306065,57.12401055408971,0.9234828496042217,7965.0,7056.0,909.0,0
Manipur,2025,38,4830.0,5524.0,650.0,0.0,3,42.0,57.53846153846154,0.46153846153846156,7813.0,8155.0,0.0,0
Manipur,2025,39,0.0,0.0,877.0,0.0,3,41.61915621436716,57.69669327251995,0.6841505131128849,4830.0,5524.0,0.0,0
Manipur,2025,40,0.0,0.0,54.0,0.0,3,12.962962962962962,79.62962962962963,7.4074074074074066,0.0,0.0,0.0,0
Manipur,2025,42,8404.0,9094.0,1064.0,0.0,3,43.32706766917293,54.79323308270677,1.8796992481203008,0.0,0.0,0.0,0
Manipur,2025,43,12016.0,7184.0,526.0,4832.0,3,36.50190114068441,60.836501901140686,2.6615969581749046,8404.0,9094.0,0.0,1
Manipur,2025,44,31263.0,21393.0,1248.0,9870.0,3,41.66666666666667,56.81089743589743,1.5224358974358974,12016.0,7184.0,4832.0,1
Manipur,2025,45,42116.0,23052.0,805.0,19064.0,3,43.60248447204969,51.80124223602485,4.596273291925466,31263.0,21393.0,9870.0,1
Manipur,2025,46,39610.0,21245.0,952.0,18365.0,3,47.16386554621849,52.41596638655462,0.42016806722689076,42116.0,23052.0,19064.0,1
Manipur,2025,47,10274.0,4585.0,474.0,5689.0,3,47.89029535864979,51.47679324894515,0.6329113924050633,39610.0,21245.0,18365.0,1
Manipur,2025,48,10981.0,3281.0,123.0,7700.0,3,55.28455284552846,43.90243902439025,0.8130081300813009,10274.0,4585.0,5689.0,1
Manipur,2025,49,9840.0,6885.0,0.0,2955.0,3,0.0,0.0,0.0,10981.0,3281.0,7700.0,1
Manipur,2025,50,9981.0,4648.0,0.0,5333.0,3,0.0,0.0,0.0,9840.0,6885.0,2955.0,1
Manipur,2025,51,5623.0,2776.0,286.0,2847.0,3,59.09090909090909,40.909090909090914,0.0,9981.0,4648.0,5333.0,1
Manipur,2025,52,7713.0,3742.0,822.0,3971.0,3,57.05596107055961,40.632603406326034,2.3114355231143553,5623.0,2776.0,2847.0,1
Meghalaya,2025,11,0.0,0.0,331.0,0.0,3,38.066465256797585,8.157099697885197,53.776435045317214,25891.0,11817.0,14074.0,0
Meghalaya,2025,12,0.0,0.0,641.0,0.0,3,20.12480499219969,13.416536661466457,66.45865834633385,0.0,0.0,0.0,0
Meghalaya,2025,13,0.0,0.0,469.0,0.0,3,51.385927505330486,20.255863539445627,28.35820895522388,0.0,0.0,0.0,0
Meghalaya,2025,14,0.0,11865.0,30512.0,0.0,3,23.505506030414264,55.71250655479811,20.781987414787626,0.0,0.0,0.0,0
Meghalaya,2025,18,0.0,11226.0,17380.0,0.0,3,21.058688147295744,44.20023014959724,34.74108170310702,0.0,11865.0,0.0,0
Meghalaya,2025,22,0.0,10839.0,13561.0,0.0,3,12.712926775311557,51.99469065703119,35.292382567657256,0.0,11226.0,0.0,0
Meghalaya,2025,27,0.0,14360.0,23909.0,0.0,3,14.605378727675772,48.722238487598815,36.672382784725414,0.0,10839.0,0.0,0
Meghalaya,2025,36,4703.0,2127.0,2822.0,2576.0,3,19.91495393338058,45.53508150248051,34.54996456413891,0.0,14360.0,0.0,1
Meghalaya,2025,37,5478.0,2474.0,2608.0,3004.0,3,23.006134969325153,46.81748466257669,30.17638036809816,4703.0,2127.0,2576.0,1
Meghalaya,2025,38,4365.0,2309.0,1823.0,2056.0,3,19.25397696105321,51.61821173889194,29.127811300054855,5478.0,2474.0,3004.0,1
Meghalaya,2025,39,0.0,0.0,1864.0,0.0,3,24.892703862660944,53.43347639484979,21.67381974248927,4365.0,2309.0,2056.0,0
Meghalaya,2025,40,0.0,0.0,422.0,0.0,3,25.829383886255926,72.03791469194313,2.132701421800948,0.0,0.0,0.0,0
Meghalaya,2025,42,2548.0,1694.0,1589.0,854.0,3,17.747010698552547,37.75959723096287,44.49339207048458,0.0,0.0,0.0,1
Meghalaya,2025,43,2608.0,2019.0,1463.0,589.0,3,20.984278879015722,47.57347915242652,31.44224196855776,2548.0,1694.0,854.0,1
Meghalaya,2025,44,3358.0,3878.0,2171.0,0.0,3,23.491478581298942,46.47627821280516,30.032243205895902,2608.0,2019.0,589.0,0
Meghalaya,2025,45,2682.0,3025.0,1567.0,0.0,3,19.719208679004467,39.05552010210593,41.225271218889596,3358.0,3878.0,0.0,0
Meghalaya,2025,46,2234.0,2470.0,2469.0,0.0,3,21.101660591332525,33.41433778857837,45.4840016200891,2682.0,3025.0,0.0,0
Meghalaya,2025,47,1166.0,530.0,997.0,636.0,3,14.744232698094283,17.151454363089268,68.10431293881645,2234.0,2470.0,0.0,1
Meghalaya,2025,48,1490.0,871.0,399.0,619.0,3,17.794486215538846,22.05513784461153,60.150375939849624,1166.0,530.0,636.0,1
Meghalaya,2025,49,2458.0,1715.0,0.0,743.0,3,0.0,0.0,0.0,1490.0,871.0,619.0,1
Meghalaya,2025,50,2847.0,1782.0,0.0,1065.0,3,0.0,0.0,0.0,2458.0,1715.0,743.0,1
Meghalaya,2025,51,1533.0,1288.0,613.0,245.0,3,19.412724306688418,14.518760195758565,66.06851549755302,2847.0,1782.0,1065.0,1
Meghalaya,2025,52,490.0,207.0,1195.0,283.0,3,12.133891213389122,28.03347280334728,59.83263598326359,1533.0,1288.0,245.0,1
Mizoram,2025,14,1212.0,24235.0,368.0,0.0,3,74.72826086956522,20.652173913043477,4.619565217391304,13006.0,51069.0,0.0,0
Mizoram,2025,18,490.0,7920.0,737.0,0.0,3,64.45047489823608,20.8955223880597,14.654002713704205,1212.0,24235.0,0.0,0
Mizoram,2025,22,1336.0,7384.0,311.0,0.0,3,65.91639871382637,22.186495176848876,11.89710610932476,490.0,7920.0,0.0,0
Mizoram,2025,27,430.0,8161.0,875.0,0.0,3,62.74285714285715,24.8,12.457142857142857,1336.0,7384.0,0.0,0
Mizoram,2025,36,1289.0,1747.0,287.0,0.0,3,67.94425087108013,27.177700348432055,4.878048780487805,430.0,8161.0,0.0,0
Mizoram,2025,37,1534.0,1518.0,333.0,16.0,3,64.26426426426426,30.33033033033033,5.405405405405405,1289.0,1747.0,0.0,1
Mizoram,2025,38,1683.0,3226.0,350.0,0.0,3,78.28571428571428,20.857142857142858,0.8571428571428572,1534.0,1518.0,16.0,0
Mizoram,2025,39,0.0,0.0,221.0,0.0,3,74.2081447963801,24.8868778280543,0.904977375565611,1683.0,3226.0,0.0,0
Mizoram,2025,40,0.0,0.0,27.0,0.0,3,85.18518518518519,14.814814814814813,0.0,0.0,0.0,0.0,0
Mizoram,2025,42,1207.0,2061.0,367.0,0.0,3,77.65667574931881,20.435967302452315,1.9073569482288828,0.0,0.0,0.0,0
Mizoram,2025,43,1251.0,1642.0,277.0,0.0,3,69.67509025270758,15.884476534296029,14.440433212996389,1207.0,2061.0,0.0,0
Mizoram,2025,44,1093.0,1726.0,352.0,0.0,3,61.93181818181818,15.625,22.443181818181817,1251.0,1642.0,0.0,0
Mizoram,2025,45,1125.0,938.0,253.0,187.0,3,71.14624505928853,24.90118577075099,3.9525691699604746,1093.0,1726.0,0.0,1
Mizoram,2025,46,1203.0,1372.0,388.0,0.0,3,77.0618556701031,19.84536082474227,3.0927835051546393,1125.0,938.0,187.0,0
Mizoram,2025,47,594.0,485.0,160.0,109.0,3,81.25,15.625,3.125,1203.0,1372.0,0.0,1
Mizoram,2025,48,699.0,606.0,32.0,93.0,3,56.25,40.625,3.125,594.0,485.0,109.0,1
Mizoram,2025,49,1204.0,2762.0,0.0,0.0,3,0.0,0.0,0.0,699.0,606.0,93.0,0
Mizoram,2025,50,1343.0,1457.0,0.0,0.0,3,0.0,0.0,0.0,1204.0,2762.0,0.0,0
Mizoram,2025,51,504.0,626.0,100.0,0.0,3,79.0,14.000000000000002,7.000000000000001,1343.0,1457.0,0.0,0
Mizoram,2025,52,283.0,168.0,216.0,115.0,3,81.48148148148148,18.51851851851852,0.0,504.0,626.0,0.0,1
Nagaland,2025,14,0.0,14868.0,3506.0,0.0,3,33.82772390188249,59.38391329150029,6.7883628066172275,7289.0,15893.0,0.0,0
Nagaland,2025,18,0.0,14167.0,666.0,0.0,3,45.4954954954955,48.94894894894895,5.555555555555555,0.0,14868.0,0.0,0
Nagaland,2025,22,0.0,11325.0,739.0,0.0,3,24.49255751014885,67.9296346414073,7.577807848443843,0.0,14167.0,0.0,0
Nagaland,2025,27,0.0,13864.0,4169.0,0.0,3,23.12305109138882,69.44111297673304,7.435835931878149,0.0,11325.0,0.0,0
Nagaland,2025,36,1538.0,2496.0,650.0,0.0,3,28.46153846153846,64.61538461538461,6.923076923076923,0.0,13864.0,0.0,0
Nagaland,2025,37,1825.0,3058.0,566.0,0.0,3,28.091872791519435,64.48763250883393,7.420494699646643,1538.0,2496.0,0.0,0
Nagaland,2025,38,1840.0,3828.0,617.0,0.0,3,26.094003241491087,66.77471636952998,7.13128038897893,1825.0,3058.0,0.0,0
Nagaland,2025,39,0.0,0.0,654.0,0.0,3,25.382262996941897,67.43119266055045,7.186544342507645,1840.0,3828.0,0.0,0
Nagaland,2025,40,0.0,0.0,247.0,0.0,3,29.959514170040485,70.04048582995951,0.0,0.0,0.0,0.0,0
Nagaland,2025,42,1590.0,3339.0,714.0,0.0,3,31.092436974789916,64.14565826330532,4.761904761904762,0.0,0.0,0.0,0
Nagaland,2025,43,1494.0,3009.0,648.0,0.0,3,27.9320987654321,67.12962962962963,4.938271604938271,1590.0,3339.0,0.0,0
Nagaland,2025,44,1899.0,3895.0,649.0,0.0,3,27.73497688751926,72.11093990755008,0.15408320493066258,1494.0,3009.0,0.0,0
Nagaland,2025,45,1803.0,3287.0,647.0,0.0,3,23.493044822256568,47.14064914992272,29.36630602782071,1899.0,3895.0,0.0,0
Nagaland,2025,46,1367.0,3322.0,459.0,0.0,3,37.03703703703704,58.387799564270146,4.57516339869281,1803.0,3287.0,0.0,0
Nagaland,2025,47,667.0,1238.0,146.0,0.0,3,45.20547945205479,46.57534246575342,8.21917808219178,1367.0,3322.0,0.0,0
Nagaland,2025,48,1019.0,1202.0,36.0,0.0,3,36.11111111111111,44.44444444444444,19.444444444444446,667.0,1238.0,0.0,0
Nagaland,2025,49,1781.0,3653.0,0.0,0.0,3,0.0,0.0,0.0,1019.0,1202.0,0.0,0
Nagaland,2025,50,1981.0,3768.0,0.0,0.0,3,0.0,0.0,0.0,1781.0,3653.0,0.0,0
Nagaland,2025,51,854.0,1492.0,65.0,0.0,3,41.53846153846154,56.92307692307692,1.5384615384615385,1981.0,3768.0,0.0,0
Nagaland,2025,52,533.0,420.0,153.0,113.0,3,31.372549019607842,67.97385620915033,0.6535947712418301,854.0,1492.0,0.0,1
Odisha,2025,14,0.0,297648.0,276.0,0.0,2,65.94202898550725,29.71014492753623,4.3478260869565215,276050.0,352037.0,0.0,0
Odisha,2025,18,0.0,295436.0,0.0,0.0,2,0.0,0.0,0.0,0.0,297648.0,0.0,0
Odisha,2025,22,0.0,272081.0,0.0,0.0,2,0.0,0.0,0.0,0.0,295436.0,0.0,0
Odisha,2025,27,5316.0,325308.0,529.0,0.0,2,68.80907372400756,26.46502835538752,4.725897920604915,0.0,272081.0,0.0,0
Odisha,2025,36,52875.0,74164.0,15331.0,0.0,2,80.35353205922641,19.568195160133065,0.07827278064053225,5316.0,325308.0,0.0,0
Odisha,2025,37,61337.0,79255.0,17057.0,0.0,2,80.03752125227179,19.85695022571378,0.10552852201442223,52875.0,74164.0,0.0,0
Odisha,2025,38,52007.0,70258.0,11569.0,0.0,2,80.12792808367189,19.76834644308065,0.1037254732474717,61337.0,79255.0,0.0,0
Odisha,2025,39,0.0,0.0,9066.0,0.0,2,81.12728877123317,18.773439223472312,0.09927200529450694,52007.0,70258.0,0.0,0
Odisha,2025,40,0.0,0.0,122.0,0.0,2,64.75409836065575,35.24590163934426,0.0,0.0,0.0,0.0,0
Odisha,2025,42,37175.0,63652.0,12369.0,0.0,2,81.97105667394293,17.47918182553157,0.5497615005255073,0.0,0.0,0.0,0
Odisha,2025,43,32154.0,64396.0,4490.0,0.0,2,79.0423162583519,20.378619153674833,0.579064587973274,37175.0,63652.0,0.0,0
Odisha,2025,44,42031.0,99146.0,9978.0,0.0,2,78.23211064341551,20.22449388655041,1.543395470034075,32154.0,64396.0,0.0,0
Odisha,2025,45,45046.0,72490.0,5608.0,0.0,2,80.17118402282453,18.990727532097004,0.8380884450784594,42031.0,99146.0,0.0,0
Odisha,2025,46,40233.0,73349.0,7703.0,0.0,2,79.85200571206023,19.25223938725172,0.8957549006880436,45046.0,72490.0,0.0,0
Odisha,2025,47,17951.0,32149.0,4633.0,0.0,2,80.96265918411396,17.094755018346643,1.9425857975393912,40233.0,73349.0,0.0,0
Odisha,2025,48,29197.0,12522.0,1589.0,16675.0,2,82.81938325991189,15.229704216488358,1.9509125235997484,17951.0,32149.0,0.0,1
Odisha,2025,49,42502.0,77376.0,0.0,0.0,2,0.0,0.0,0.0,29197.0,12522.0,16675.0,0
Odisha,2025,50,48474.0,70115.0,0.0,0.0,2,0.0,0.0,0.0,42502.0,77376.0,0.0,0
Odisha,2025,51,25441.0,43317.0,5107.0,0.0,2,89.01507734482084,9.712159780693167,1.2727628744859996,48474.0,70115.0,0.0,0
Odisha,2025,52,38739.0,39691.0,11354.0,0.0,2,87.07944336797604,12.38330103928131,0.5372555927426458,25441.0,43317.0,0.0,0
Puducherry,2025,14,0.0,5642.0,0.0,0.0,3,0.0,0.0,0.0,3213.0,5928.0,0.0,0
Puducherry,2025,18,453.0,6619.0,0.0,0.0,3,0.0,0.0,0.0,0.0,5642.0,0.0,0
Puducherry,2025,22,0.0,6562.0,0.0,0.0,3,0.0,0.0,0.0,453.0,6619.0,0.0,0
Puducherry,2025,27,1006.0,8005.0,0.0,0.0,3,0.0,0.0,0.0,0.0,6562.0,0.0,0
Puducherry,2025,36,1274.0,3656.0,346.0,0.0,3,95.66473988439307,3.4682080924855487,0.8670520231213872,1006.0,8005.0,0.0,0
Puducherry,2025,37,1941.0,4730.0,315.0,0.0,3,91.74603174603175,7.301587301587302,0.9523809523809524,1274.0,3656.0,0.0,0
Puducherry,2025,38,1722.0,4446.0,200.0,0.0,3,89.5,9.0,1.5,1941.0,4730.0,0.0,0
Puducherry,2025,39,0.0,0.0,185.0,0.0,3,90.27027027027027,9.18918918918919,0.5405405405405406,1722.0,4446.0,0.0,0
Puducherry,2025,40,0.0,0.0,55.0,0.0,3,96.36363636363636,3.6363636363636362,0.0,0.0,0.0,0.0,0
Puducherry,2025,42,1048.0,1911.0,174.0,0.0,3,89.65517241379311,9.195402298850574,1.1494252873563218,0.0,0.0,0.0,0
Puducherry,2025,43,897.0,1523.0,152.0,0.0,3,90.78947368421053,8.552631578947368,0.6578947368421052,1048.0,1911.0,0.0,0
Puducherry,2025,44,1588.0,2890.0,321.0,0.0,3,91.58878504672897,8.411214953271028,0.0,897.0,1523.0,0.0,0
Puducherry,2025,45,2022.0,3126.0,283.0,0.0,3,92.93286219081273,4.593639575971731,2.4734982332155475,1588.0,2890.0,0.0,0
Puducherry,2025,46,1617.0,3205.0,355.0,0.0,3,93.80281690140845,4.788732394366197,1.4084507042253522,2022.0,3126.0,0.0,0
Puducherry,2025,47,642.0,1266.0,99.0,0.0,3,85.85858585858585,11.11111111111111,3.0303030303030303,1617.0,3205.0,0.0,0
Puducherry,2025,48,1028.0,586.0,45.0,442.0,3,93.33333333333333,6.666666666666667,0.0,642.0,1266.0,0.0,1
Puducherry,2025,49,1907.0,2617.0,0.0,0.0,3,0.0,0.0,0.0,1028.0,586.0,442.0,0
Puducherry,2025,50,1789.0,2344.0,0.0,0.0,3,0.0,0.0,0.0,1907.0,2617.0,0.0,0
Puducherry,2025,51,952.0,1609.0,78.0,0.0,3,87.17948717948718,6.41025641025641,6.41025641025641,1789.0,2344.0,0.0,0
Puducherry,2025,52,1496.0,1522.0,243.0,0.0,3,92.5925925925926,2.880658436213992,4.526748971193416,952.0,1609.0,0.0,0
Punjab,2025,10,0.0,0.0,49.0,0.0,2,28.57142857142857,30.612244897959183,40.816326530612244,125665.0,260570.0,0.0,0
Punjab,2025,12,0.0,0.0,131.0,0.0,2,79.38931297709924,9.923664122137405,10.687022900763358,0.0,0.0,0.0,0
Punjab,2025,14,17261.0,212563.0,5753.0,0.0,2,68.67721188944898,20.076481835564053,11.246306274986964,0.0,0.0,0.0,0
Punjab,2025,18,32353.0,194508.0,3767.0,0.0,2,67.42766126891425,26.599415980886647,5.972922750199097,17261.0,212563.0,0.0,0
Punjab,2025,22,26962.0,221505.0,2742.0,0.0,2,62.144420131291035,30.85339168490153,7.00218818380744,32353.0,194508.0,0.0,0
Punjab,2025,27,72957.0,277717.0,8511.0,0.0,2,68.8755727881565,25.049935377746447,6.074491834097051,26962.0,221505.0,0.0,0
Punjab,2025,36,26205.0,36864.0,4490.0,0.0,2,85.07795100222717,13.74164810690423,1.1804008908685968,72957.0,277717.0,0.0,0
Punjab,2025,37,35999.0,49112.0,6890.0,0.0,2,86.42960812772134,12.946298984034833,0.6240928882438317,26205.0,36864.0,0.0,0
Punjab,2025,38,35067.0,51654.0,5919.0,0.0,2,86.88967731035649,12.535901334684912,0.5744213549586079,35999.0,49112.0,0.0,0
Punjab,2025,39,0.0,0.0,4132.0,0.0,2,87.270087124879,11.85866408518877,0.8712487899322363,35067.0,51654.0,0.0,0
Punjab,2025,40,0.0,0.0,136.0,0.0,2,72.05882352941177,24.264705882352942,3.6764705882352944,0.0,0.0,0.0,0
Punjab,2025,42,25940.0,31525.0,4831.0,0.0,2,85.30324984475264,12.937280066238873,1.759470089008487,0.0,0.0,0.0,0
Punjab,2025,43,18846.0,25293.0,1344.0,0.0,2,81.10119047619048,14.880952380952381,4.017857142857143,25940.0,31525.0,0.0,0
Punjab,2025,44,30656.0,54613.0,7270.0,0.0,2,84.88308115543329,12.640990371389272,2.4759284731774414,18846.0,25293.0,0.0,0
Punjab,2025,45,31121.0,39890.0,3643.0,0.0,2,81.85561350535274,14.932747735382925,3.2116387592643423,30656.0,54613.0,0.0,0
Punjab,2025,46,29006.0,47799.0,4164.0,0.0,2,79.70701248799232,13.688760806916425,6.604226705091258,31121.0,39890.0,0.0,0
Punjab,2025,47,13890.0,19430.0,3202.0,0.0,2,82.47970018738289,12.336039975015616,5.184259837601499,29006.0,47799.0,0.0,0
Punjab,2025,48,19115.0,10322.0,442.0,8793.0,2,84.38914027149322,12.895927601809957,2.7149321266968327,13890.0,19430.0,0.0,1
Punjab,2025,49,29447.0,66325.0,0.0,0.0,2,0.0,0.0,0.0,19115.0,10322.0,8793.0,0
Punjab,2025,50,29363.0,58553.0,0.0,0.0,2,0.0,0.0,0.0,29447.0,66325.0,0.0,0
Punjab,2025,51,18156.0,31529.0,2509.0,0.0,2,90.3148664806696,8.210442407333598,1.4746911119968116,29363.0,58553.0,0.0,0
Punjab,2025,52,20258.0,22658.0,4739.0,0.0,2,85.62987972146023,8.187381304072588,6.182738974467187,18156.0,31529.0,0.0,0
Rajasthan,2025,10,0.0,0.0,94.0,0.0,2,43.61702127659575,38.297872340425535,18.085106382978726,845740.0,424206.0,421534.0,0
Rajasthan,2025,14,82760.0,376914.0,16842.0,0.0,2,70.69825436408978,24.58734117088232,4.714404465027906,0.0,0.0,0.0,0
Rajasthan,2025,18,40319.0,324061.0,2961.0,0.0,2,67.27456940222898,30.530226274907125,2.1952043228638973,82760.0,376914.0,0.0,0
Rajasthan,2025,22,42489.0,416695.0,6616.0,0.0,2,61.880290205562275,35.58041112454655,2.539298669891173,40319.0,324061.0,0.0,0
Rajasthan,2025,27,102449.0,650116.0,28786.0,0.0,2,60.348780657263944,37.556451052595015,2.0947682901410407,42489.0,416695.0,0.0,0
Rajasthan,2025,36,59740.0,134355.0,28536.0,0.0,2,72.80978413232408,26.6260162601626,0.5641996075133165,102449.0,650116.0,0.0,0
Rajasthan,2025,37,95602.0,307077.0,42363.0,0.0,2,70.07766211080424,29.50688100465029,0.415456884545476,59740.0,134355.0,0.0,0
Rajasthan,2025,38,77307.0,242981.0,32226.0,0.0,2,65.70781356668527,33.826723763420844,0.46546266989387447,95602.0,307077.0,0.0,0
Rajasthan,2025,39,0.0,0.0,19997.0,0.0,2,60.969145371805766,38.605790868630294,0.4250637595639346,77307.0,242981.0,0.0,0
Rajasthan,2025,40,0.0,0.0,462.0,0.0,2,58.22510822510822,40.909090909090914,0.8658008658008658,0.0,0.0,0.0,0
Rajasthan,2025,42,48791.0,64428.0,20115.0,0.0,2,65.74695500869997,33.681332339050456,0.571712652249565,0.0,0.0,0.0,0
Rajasthan,2025,43,30237.0,31451.0,5726.0,0.0,2,65.38595878449179,33.880544882989874,0.7334963325183375,48791.0,64428.0,0.0,0
Rajasthan,2025,44,61328.0,97226.0,23633.0,0.0,2,63.67790800998604,35.725468624381165,0.5966233656328016,30237.0,31451.0,0.0,0
Rajasthan,2025,45,78500.0,112445.0,19217.0,0.0,2,69.34485091325388,30.05151688609044,0.6036322006556695,61328.0,97226.0,0.0,0
Rajasthan,2025,46,75107.0,139904.0,26582.0,0.0,2,59.37100293431645,32.07433601685351,8.554661048830035,78500.0,112445.0,0.0,0
Rajasthan,2025,47,35955.0,55832.0,14442.0,0.0,2,67.74684946683284,31.24913446891012,1.0040160642570282,75107.0,139904.0,0.0,0
Rajasthan,2025,48,60626.0,30873.0,3702.0,29753.0,2,73.98703403565641,25.0945434900054,0.9184224743381956,35955.0,55832.0,0.0,1
Rajasthan,2025,49,78861.0,158519.0,0.0,0.0,2,0.0,0.0,0.0,60626.0,30873.0,29753.0,0
Rajasthan,2025,50,82768.0,156520.0,0.0,0.0,2,0.0,0.0,0.0,78861.0,158519.0,0.0,0
Rajasthan,2025,51,64527.0,90749.0,10135.0,0.0,2,62.95017266896892,36.053280710409474,0.9965466206216084,82768.0,156520.0,0.0,0
Rajasthan,2025,52,85630.0,94567.0,23129.0,0.0,2,76.8948073846686,22.49556833412599,0.6096242812054131,64527.0,90749.0,0.0,0
Sikkim,2025,14,0.0,4536.0,176.0,0.0,3,38.06818181818182,50.0,11.931818181818182,3949.0,4554.0,0.0,0
Sikkim,2025,18,0.0,2972.0,0.0,0.0,3,0.0,0.0,0.0,0.0,4536.0,0.0,0
Sikkim,2025,22,0.0,2057.0,0.0,0.0,3,0.0,0.0,0.0,0.0,2972.0,0.0,0
Sikkim,2025,27,0.0,2450.0,431.0,0.0,3,34.33874709976798,59.164733178654295,6.496519721577726,0.0,2057.0,0.0,0
Sikkim,2025,36,1741.0,525.0,225.0,1216.0,3,50.22222222222222,43.55555555555555,6.222222222222222,0.0,2450.0,0.0,1
Sikkim,2025,37,1598.0,860.0,210.0,738.0,3,49.047619047619044,48.095238095238095,2.857142857142857,1741.0,525.0,1216.0,1
Sikkim,2025,38,941.0,457.0,178.0,484.0,3,45.50561797752809,54.49438202247191,0.0,1598.0,860.0,738.0,1
Sikkim,2025,39,0.0,0.0,123.0,0.0,3,42.27642276422765,56.91056910569105,0.8130081300813009,941.0,457.0,484.0,0
Sikkim,2025,40,0.0,0.0,1.0,0.0,3,0.0,100.0,0.0,0.0,0.0,0.0,0
Sikkim,2025,42,764.0,485.0,180.0,279.0,3,55.00000000000001,41.66666666666667,3.3333333333333335,0.0,0.0,0.0,1
Sikkim,2025,43,164.0,233.0,48.0,0.0,3,41.66666666666667,45.83333333333333,12.5,764.0,485.0,279.0,0
Sikkim,2025,44,616.0,489.0,129.0,127.0,3,50.3875968992248,48.06201550387597,1.550387596899225,164.0,233.0,0.0,1
Sikkim,2025,45,986.0,793.0,135.0,193.0,3,54.81481481481482,45.18518518518518,0.0,616.0,489.0,127.0,1
Sikkim,2025,46,941.0,509.0,146.0,432.0,3,59.589041095890416,37.67123287671233,2.73972602739726,986.0,793.0,193.0,1
Sikkim,2025,47,319.0,164.0,66.0,155.0,3,72.72727272727273,25.757575757575758,1.5151515151515151,941.0,509.0,432.0,1
Sikkim,2025,48,633.0,127.0,16.0,506.0,3,87.5,12.5,0.0,319.0,164.0,155.0,1
Sikkim,2025,49,898.0,484.0,0.0,414.0,3,0.0,0.0,0.0,633.0,127.0,506.0,1
Sikkim,2025,50,978.0,588.0,0.0,390.0,3,0.0,0.0,0.0,898.0,484.0,414.0,1
Sikkim,2025,51,333.0,193.0,43.0,140.0,3,67.44186046511628,32.55813953488372,0.0,978.0,588.0,390.0,1
Sikkim,2025,52,246.0,48.0,33.0,198.0,3,81.81818181818183,18.181818181818183,0.0,333.0,193.0,140.0,1
Tamil Nadu,2025,12,0.0,0.0,34.0,0.0,1,35.294117647058826,35.294117647058826,29.411764705882355,382485.0,680675.0,0.0,0
Tamil Nadu,2025,14,26851.0,491490.0,499.0,0.0,1,71.7434869739479,19.03807615230461,9.218436873747494,0.0,0.0,0.0,0
Tamil Nadu,2025,18,15754.0,492262.0,420.0,0.0,1,76.66666666666667,15.238095238095239,8.095238095238095,26851.0,491490.0,0.0,0
Tamil Nadu,2025,22,6321.0,511757.0,1931.0,0.0,1,70.17089590885551,20.352149145520457,9.47695494562403,15754.0,492262.0,0.0,0
Tamil Nadu,2025,27,16876.0,552778.0,972.0,0.0,1,64.81481481481481,28.08641975308642,7.098765432098765,6321.0,511757.0,0.0,0
Tamil Nadu,2025,36,73889.0,80061.0,17241.0,0.0,1,84.17145177193899,15.6545443999768,0.17400382808421785,16876.0,552778.0,0.0,0
Tamil Nadu,2025,37,114608.0,121381.0,22390.0,0.0,1,84.1134435015632,15.765966949531041,0.1205895489057615,73889.0,80061.0,0.0,0
Tamil Nadu,2025,38,109994.0,119676.0,19616.0,0.0,1,84.1812805872757,15.59441272430669,0.22430668841761825,114608.0,121381.0,0.0,0
Tamil Nadu,2025,39,0.0,0.0,16261.0,0.0,1,86.66748662443884,13.271016542648054,0.06149683291310498,109994.0,119676.0,0.0,0
Tamil Nadu,2025,40,0.0,0.0,700.0,0.0,1,68.71428571428572,31.285714285714285,0.0,0.0,0.0,0.0,0
Tamil Nadu,2025,42,66110.0,102293.0,16963.0,0.0,1,82.46772386959854,17.308259152272594,0.22401697812886873,0.0,0.0,0.0,0
Tamil Nadu,2025,43,52833.0,94014.0,7247.0,0.0,1,82.50310473299297,17.165723747757696,0.33117151924934457,66110.0,102293.0,0.0,0
Tamil Nadu,2025,44,92143.0,226370.0,23702.0,0.0,1,79.82448738503079,20.074255337102354,0.10125727786684667,52833.0,94014.0,0.0,0
Tamil Nadu,2025,45,117333.0,193026.0,18705.0,0.0,1,78.58861267040899,21.261694734028335,0.14969259556268377,92143.0,226370.0,0.0,0
Tamil Nadu,2025,46,97950.0,183737.0,19416.0,0.0,1,80.41821178409559,18.901936547177588,0.6798516687268232,117333.0,193026.0,0.0,0
Tamil Nadu,2025,47,45266.0,71798.0,10935.0,0.0,1,79.47873799725652,18.765432098765434,1.7558299039780523,97950.0,183737.0,0.0,0
Tamil Nadu,2025,48,80447.0,22656.0,3828.0,57791.0,1,81.42633228840126,18.051201671891327,0.522466039707419,45266.0,71798.0,0.0,1
Tamil Nadu,2025,49,114328.0,194034.0,0.0,0.0,1,0.0,0.0,0.0,80447.0,22656.0,57791.0,0
Tamil Nadu,2025,50,91811.0,197280.0,0.0,0.0,1,0.0,0.0,0.0,114328.0,194034.0,0.0,0
Tamil Nadu,2025,51,65421.0,103605.0,10208.0,0.0,1,86.25587774294671,13.156347962382444,0.5877742946708464,91811.0,197280.0,0.0,0
Tamil Nadu,2025,52,98846.0,111822.0,17431.0,0.0,1,91.71590843898801,7.211290230049911,1.072801330962079,65421.0,103605.0,0.0,0
Telangana,2025,14,16830.0,142160.0,634.0,0.0,1,76.81388012618297,12.933753943217665,10.25236593059937,239082.0,169652.0,69430.0,0
Telangana,2025,18,16774.0,167061.0,911.0,0.0,1,80.79034028540066,16.90450054884742,2.305159165751921,16830.0,142160.0,0.0,0
Telangana,2025,22,33974.0,205116.0,1516.0,0.0,1,56.00263852242744,39.44591029023747,4.5514511873350925,16774.0,167061.0,0.0,0
Telangana,2025,27,68204.0,226619.0,8581.0,0.0,1,71.51847104067124,25.265120615312902,3.216408344015849,33974.0,205116.0,0.0,0
Telangana,2025,36,69245.0,47682.0,12245.0,21563.0,1,79.15067374438546,20.457329522253982,0.39199673336055535,68204.0,226619.0,0.0,1
Telangana,2025,37,89023.0,62541.0,15015.0,26482.0,1,81.74492174492175,18.00865800865801,0.24642024642024643,69245.0,47682.0,21563.0,1
Telangana,2025,38,77141.0,67021.0,10388.0,10120.0,1,82.93222949557182,16.615325375433194,0.45244512899499423,89023.0,62541.0,26482.0,1
Telangana,2025,39,0.0,0.0,5230.0,0.0,1,77.76290630975143,21.835564053537286,0.40152963671128106,77141.0,67021.0,10120.0,0
Telangana,2025,40,0.0,0.0,204.0,0.0,1,73.52941176470588,26.47058823529412,0.0,0.0,0.0,0.0,0
Telangana,2025,42,58157.0,56214.0,12693.0,1943.0,1,81.7852359568266,17.868116284566295,0.3466477586071063,0.0,0.0,0.0,1
Telangana,2025,43,51641.0,62280.0,6987.0,0.0,1,80.56390439387434,18.70616859882639,0.7299270072992701,58157.0,56214.0,1943.0,0
Telangana,2025,44,93615.0,90914.0,13865.0,2701.0,1,80.75009015506672,18.910926794085828,0.3389830508474576,51641.0,62280.0,0.0,1
Telangana,2025,45,69849.0,65583.0,7567.0,4266.0,1,80.46782080084579,18.316373728029603,1.21580547112462,93615.0,90914.0,2701.0,1
Telangana,2025,46,58817.0,62917.0,10801.0,0.0,1,81.02953430237942,18.137209517637256,0.8332561799833349,69849.0,65583.0,4266.0,0
Telangana,2025,47,17303.0,26120.0,4850.0,0.0,1,80.08247422680412,18.103092783505154,1.8144329896907216,58817.0,62917.0,0.0,0
Telangana,2025,48,46711.0,13243.0,1652.0,33468.0,1,83.65617433414043,15.738498789346247,0.6053268765133172,17303.0,26120.0,0.0,1
Telangana,2025,49,71885.0,70766.0,0.0,1119.0,1,0.0,0.0,0.0,46711.0,13243.0,33468.0,1
Telangana,2025,50,48057.0,56440.0,0.0,0.0,1,0.0,0.0,0.0,71885.0,70766.0,1119.0,0
Telangana,2025,51,42683.0,39309.0,3076.0,3374.0,1,86.37841352405722,12.906371911573473,0.7152145643693107,48057.0,56440.0,0.0,1
Telangana,2025,52,60040.0,41332.0,9206.0,18708.0,1,89.24614381924832,9.797957853573756,0.9558983271779274,42683.0,39309.0,3374.0,1
Tripura,2025,14,0.0,47615.0,286.0,0.0,3,57.692307692307686,28.321678321678323,13.986013986013987,27672.0,61839.0,0.0,0
Tripura,2025,18,0.0,29969.0,0.0,0.0,3,0.0,0.0,0.0,0.0,47615.0,0.0,0
Tripura,2025,22,0.0,32493.0,167.0,0.0,3,35.92814371257485,52.09580838323353,11.976047904191617,0.0,29969.0,0.0,0
Tripura,2025,27,0.0,30667.0,665.0,0.0,3,53.984962406015036,39.69924812030075,6.315789473684211,0.0,32493.0,0.0,0
Tripura,2025,36,6472.0,5544.0,1071.0,928.0,3,62.931839402427634,36.321195144724555,0.7469654528478058,0.0,30667.0,0.0,1
Tripura,2025,37,6946.0,4974.0,975.0,1972.0,3,65.12820512820512,33.64102564102564,1.2307692307692308,6472.0,5544.0,928.0,1
Tripura,2025,38,4176.0,4470.0,564.0,0.0,3,69.14893617021278,30.673758865248228,0.1773049645390071,6946.0,4974.0,1972.0,0
Tripura,2025,39,0.0,0.0,509.0,0.0,3,64.44007858546169,35.36345776031434,0.19646365422396855,4176.0,4470.0,0.0,0
Tripura,2025,40,0.0,0.0,2.0,0.0,3,0.0,100.0,0.0,0.0,0.0,0.0,0
Tripura,2025,42,4426.0,4659.0,721.0,0.0,3,67.68377253814147,28.29403606102635,4.0221914008321775,0.0,0.0,0.0,0
Tripura,2025,43,2759.0,3989.0,337.0,0.0,3,63.20474777448071,35.01483679525222,1.7804154302670623,4426.0,4659.0,0.0,0
Tripura,2025,44,5567.0,8885.0,1003.0,0.0,3,66.40079760717846,32.701894317048854,0.897308075772682,2759.0,3989.0,0.0,0
Tripura,2025,45,5125.0,7895.0,780.0,0.0,3,67.17948717948717,32.17948717948718,0.641025641025641,5567.0,8885.0,0.0,0
Tripura,2025,46,5725.0,8406.0,1137.0,0.0,3,63.67634124890061,32.89357959542656,3.430079155672823,5125.0,7895.0,0.0,0
Tripura,2025,47,2542.0,3656.0,535.0,0.0,3,63.55140186915887,33.64485981308411,2.803738317757009,5725.0,8406.0,0.0,0
Tripura,2025,48,4075.0,3210.0,179.0,865.0,3,64.80446927374301,34.63687150837989,0.5586592178770949,2542.0,3656.0,0.0,1
Tripura,2025,49,7257.0,10257.0,0.0,0.0,3,0.0,0.0,0.0,4075.0,3210.0,865.0,0
Tripura,2025,50,6565.0,7831.0,0.0,0.0,3,0.0,0.0,0.0,7257.0,10257.0,0.0,0
Tripura,2025,51,6389.0,5006.0,422.0,1383.0,3,74.17061611374407,25.829383886255926,0.0,6565.0,7831.0,0.0,1
Tripura,2025,52,7145.0,3093.0,1213.0,4052.0,3,79.38994229183842,19.785655399835118,0.8244023083264632,6389.0,5006.0,1383.0,1
Uttar Pradesh,2025,10,0.0,0.0,1113.0,0.0,3,24.61814914645103,65.67834681042228,9.703504043126685,1619359.0,1131504.0,487855.0,0
Uttar Pradesh,2025,11,0.0,0.0,1604.0,0.0,3,19.950124688279303,66.52119700748129,13.528678304239403,0.0,0.0,0.0,0
Uttar Pradesh,2025,12,0.0,0.0,1756.0,0.0,3,28.815489749430522,61.10478359908884,10.079726651480637,0.0,0.0,0.0,0
Uttar Pradesh,2025,13,0.0,0.0,920.0,0.0,3,31.84782608695652,49.45652173913043,18.695652173913043,0.0,0.0,0.0,0
Uttar Pradesh,2025,14,105706.0,1257448.0,57903.0,0.0,3,56.15080393071171,40.048011329292095,3.8011847399962004,0.0,0.0,0.0,0
Uttar Pradesh,2025,18,107731.0,1048878.0,49861.0,0.0,3,54.006137061029655,43.22817432462245,2.765688614347887,105706.0,1257448.0,0.0,0
Uttar Pradesh,2025,22,82379.0,856455.0,48753.0,0.0,3,43.297848337538205,53.49414395011589,3.208007712345907,107731.0,1048878.0,0.0,0
Uttar Pradesh,2025,27,219131.0,1426001.0,157866.0,0.0,3,46.346901802794775,51.358747292007145,2.2943509051980797,82379.0,856455.0,0.0,0
Uttar Pradesh,2025,36,352388.0,220241.0,73735.0,132147.0,3,48.4396826473181,50.64758934020479,0.912728012477114,219131.0,1426001.0,0.0,1
Uttar Pradesh,2025,37,438180.0,329736.0,86766.0,108444.0,3,49.167876818108475,49.980407071894525,0.8517161099970034,352388.0,220241.0,132147.0,1
Uttar Pradesh,2025,38,360096.0,465396.0,57738.0,0.0,3,50.893692195780936,48.25937857217084,0.8469292320482179,438180.0,329736.0,108444.0,0
Uttar Pradesh,2025,39,0.0,0.0,40815.0,0.0,3,43.80007350238883,55.29829719465883,0.901629302952346,360096.0,465396.0,0.0,0
Uttar Pradesh,2025,40,0.0,0.0,2025.0,0.0,3,25.185185185185183,71.55555555555554,3.259259259259259,0.0,0.0,0.0,0
Uttar Pradesh,2025,42,242897.0,226123.0,61961.0,16774.0,3,51.99561014186344,46.80686238117526,1.1975274769613142,0.0,0.0,0.0,1
Uttar Pradesh,2025,43,162750.0,122456.0,21863.0,40294.0,3,48.511183277683756,49.29332662489137,2.195490097424873,242897.0,226123.0,16774.0,1
Uttar Pradesh,2025,44,269769.0,289720.0,64610.0,0.0,3,51.553939018727746,46.768302120414795,1.6777588608574523,162750.0,122456.0,40294.0,0
Uttar Pradesh,2025,45,295201.0,300596.0,49226.0,0.0,3,55.56210132856621,43.062609190265306,1.3752894811684881,269769.0,289720.0,0.0,0
Uttar Pradesh,2025,46,340707.0,348984.0,65432.0,0.0,3,52.53545665729307,46.06920161388923,1.395341728817704,295201.0,300596.0,0.0,0
Uttar Pradesh,2025,47,154738.0,165242.0,36616.0,0.0,3,60.358859514966134,38.11721651736946,1.523923967664409,340707.0,348984.0,0.0,0
Uttar Pradesh,2025,48,248804.0,84277.0,7664.0,164527.0,3,57.189457202505224,41.9232776617954,0.8872651356993737,154738.0,165242.0,0.0,1
Uttar Pradesh,2025,49,405328.0,370700.0,0.0,34628.0,3,0.0,0.0,0.0,248804.0,84277.0,164527.0,1
Uttar Pradesh,2025,50,377450.0,313891.0,0.0,63559.0,3,0.0,0.0,0.0,405328.0,370700.0,34628.0,1
Uttar Pradesh,2025,51,265608.0,200925.0,23341.0,64683.0,3,56.42431772417634,43.28006512146009,0.2956171543635663,377450.0,313891.0,63559.0,1
Uttar Pradesh,2025,52,344893.0,177837.0,57048.0,167056.0,3,67.46774645912214,31.282428831860887,1.249824709016968,265608.0,200925.0,64683.0,1
Uttarakhand,2025,11,0.0,0.0,60.0,0.0,2,28.333333333333332,25.0,46.666666666666664,70890.0,61294.0,9596.0,0
Uttarakhand,2025,12,0.0,0.0,251.0,0.0,2,67.33067729083665,24.302788844621514,8.366533864541832,0.0,0.0,0.0,0
Uttarakhand,2025,14,20997.0,73472.0,1276.0,0.0,2,78.21316614420063,15.987460815047022,5.799373040752351,0.0,0.0,0.0,0
Uttarakhand,2025,18,22138.0,62922.0,624.0,0.0,2,76.4423076923077,21.634615384615387,1.9230769230769231,20997.0,73472.0,0.0,0
Uttarakhand,2025,22,16123.0,59777.0,294.0,0.0,2,54.421768707483,27.2108843537415,18.367346938775512,22138.0,62922.0,0.0,0
Uttarakhand,2025,27,21888.0,83007.0,2363.0,0.0,2,78.8404570461278,20.270842149809564,0.8887008040626322,16123.0,59777.0,0.0,0
Uttarakhand,2025,36,11111.0,16010.0,2270.0,0.0,2,83.92070484581498,15.770925110132158,0.30837004405286345,21888.0,83007.0,0.0,0
Uttarakhand,2025,37,16710.0,23530.0,3719.0,0.0,2,84.88841086313525,14.762032804517345,0.34955633234740524,11111.0,16010.0,0.0,0
Uttarakhand,2025,38,15554.0,23389.0,2774.0,0.0,2,83.92213410237923,15.825522710886805,0.25234318673395817,16710.0,23530.0,0.0,0
Uttarakhand,2025,39,0.0,0.0,2110.0,0.0,2,83.8388625592417,16.113744075829384,0.047393364928909956,15554.0,23389.0,0.0,0
Uttarakhand,2025,40,0.0,0.0,83.0,0.0,2,77.10843373493977,21.686746987951807,1.2048192771084338,0.0,0.0,0.0,0
Uttarakhand,2025,42,10333.0,14671.0,3020.0,0.0,2,85.19867549668875,14.370860927152318,0.4304635761589404,0.0,0.0,0.0,0
Uttarakhand,2025,43,6409.0,8286.0,886.0,0.0,2,84.98871331828443,14.446952595936793,0.5643340857787811,10333.0,14671.0,0.0,0
Uttarakhand,2025,44,12980.0,25891.0,3571.0,0.0,2,85.57826939232707,14.113693643237188,0.3080369644357323,6409.0,8286.0,0.0,0
Uttarakhand,2025,45,13728.0,24922.0,2365.0,0.0,2,86.9767441860465,12.727272727272727,0.2959830866807611,12980.0,25891.0,0.0,0
Uttarakhand,2025,46,14922.0,36418.0,3440.0,0.0,2,86.9186046511628,12.819767441860467,0.2616279069767442,13728.0,24922.0,0.0,0
Uttarakhand,2025,47,5836.0,20404.0,1592.0,0.0,2,86.30653266331659,12.939698492462313,0.7537688442211055,14922.0,36418.0,0.0,0
Uttarakhand,2025,48,8565.0,11718.0,394.0,0.0,2,82.23350253807106,17.512690355329948,0.25380710659898476,5836.0,20404.0,0.0,0
Uttarakhand,2025,49,19620.0,64377.0,0.0,0.0,2,0.0,0.0,0.0,8565.0,11718.0,0.0,0
Uttarakhand,2025,50,17699.0,59252.0,0.0,0.0,2,0.0,0.0,0.0,19620.0,64377.0,0.0,0
Uttarakhand,2025,51,12238.0,35244.0,1164.0,0.0,2,89.26116838487972,10.223367697594501,0.5154639175257731,17699.0,59252.0,0.0,0
Uttarakhand,2025,52,16090.0,29418.0,3232.0,0.0,2,92.41955445544554,7.116336633663366,0.4641089108910891,12238.0,35244.0,0.0,0
West Bengal,2025,10,0.0,0.0,121.0,0.0,1,37.1900826446281,24.793388429752067,38.01652892561984,417606.0,268875.0,148731.0,0
West Bengal,2025,14,27670.0,250432.0,4268.0,0.0,1,67.3149015932521,23.758200562324276,8.926897844423618,0.0,0.0,0.0,0
West Bengal,2025,18,42342.0,289260.0,9582.0,0.0,1,57.7958672510958,36.52682112293885,5.677311625965352,27670.0,250432.0,0.0,0
West Bengal,2025,22,55815.0,287702.0,7271.0,0.0,1,43.92793288405997,45.702104249759316,10.369962866180717,42342.0,289260.0,0.0,0
West Bengal,2025,27,110830.0,419961.0,28544.0,0.0,1,53.51036995515695,40.838705156950674,5.650924887892376,55815.0,287702.0,0.0,0
West Bengal,2025,36,255844.0,94383.0,36728.0,161461.0,1,76.296013940318,22.53866260074058,1.1653234589414072,110830.0,419961.0,0.0,1
West Bengal,2025,37,233290.0,97355.0,37856.0,135935.0,1,76.90194420963653,22.094251901944208,1.003803888419273,255844.0,94383.0,161461.0,1
West Bengal,2025,38,172370.0,85028.0,26668.0,87342.0,1,76.46242687865606,22.55512224388781,0.9824508774561271,233290.0,97355.0,135935.0,1
West Bengal,2025,39,0.0,0.0,18263.0,0.0,1,74.46202704922521,25.203964299403165,0.3340086513716257,172370.0,85028.0,87342.0,0
West Bengal,2025,40,0.0,0.0,140.0,0.0,1,49.28571428571429,48.57142857142857,2.142857142857143,0.0,0.0,0.0,0
West Bengal,2025,42,125151.0,67924.0,35958.0,57227.0,1,79.05612103009067,20.724178207909226,0.21970076200011124,0.0,0.0,0.0,1
West Bengal,2025,43,121285.0,51317.0,13724.0,69968.0,1,74.02360827747012,25.612066452929177,0.3643252696006995,125151.0,67924.0,57227.0,1
West Bengal,2025,44,219545.0,87012.0,33026.0,132533.0,1,77.40870829043783,22.355114152485918,0.23617755707624294,121285.0,51317.0,69968.0,1
West Bengal,2025,45,216367.0,87918.0,24920.0,128449.0,1,77.62439807383628,22.058587479935795,0.31701444622792935,219545.0,87012.0,132533.0,1
West Bengal,2025,46,193917.0,91605.0,27812.0,102312.0,1,75.33798360419962,24.27729037825399,0.38472601754638286,216367.0,87918.0,128449.0,1
West Bengal,2025,47,55925.0,32350.0,12690.0,23575.0,1,77.94326241134752,21.9070133963751,0.14972419227738376,193917.0,91605.0,102312.0,1
West Bengal,2025,48,91266.0,19613.0,4056.0,71653.0,1,80.20216962524654,19.28007889546351,0.5177514792899409,55925.0,32350.0,23575.0,1
West Bengal,2025,49,142582.0,76058.0,0.0,66524.0,1,0.0,0.0,0.0,91266.0,19613.0,71653.0,1
West Bengal,2025,50,131651.0,73028.0,0.0,58623.0,1,0.0,0.0,0.0,142582.0,76058.0,66524.0,1
West Bengal,2025,51,92422.0,46459.0,11191.0,45963.0,1,56.098650701456535,15.843088195871683,28.05826110267179,131651.0,73028.0,58623.0,1
West Bengal,2025,52,110415.0,45293.0,20507.0,65122.0,1,81.00648559028625,17.52572292387965,1.4677914858341055,92422.0,46459.0,45963.0,1
